iso_code,continent,location,date,total_cases,new_cases,new_cases_smoothed,total_deaths,new_deaths,new_deaths_smoothed,total_cases_per_million,new_cases_per_million,new_cases_smoothed_per_million,total_deaths_per_million,new_deaths_per_million,new_deaths_smoothed_per_million,new_tests,total_tests,total_tests_per_thousand,new_tests_per_thousand,new_tests_smoothed,new_tests_smoothed_per_thousand,tests_per_case,positive_rate,tests_units,stringency_index,population,population_density,median_age,aged_65_older,aged_70_older,gdp_per_capita,extreme_poverty,cardiovasc_death_rate,diabetes_prevalence,female_smokers,male_smokers,handwashing_facilities,hospital_beds_per_thousand,life_expectancy,human_development_index
USA,North America,United States,2019-12-31,0.0,0.0,,0.0,0.0,,0.0,0.0,,0.0,0.0,,,,,,,,,,,,331002647.0,35.608,38.3,15.413,9.732,54225.446,1.2,151.089,10.79,19.1,24.6,,2.77,78.86,0.924
USA,North America,United States,2020-01-01,0.0,0.0,,0.0,0.0,,0.0,0.0,,0.0,0.0,,,,,,,,,,,0.0,331002647.0,35.608,38.3,15.413,9.732,54225.446,1.2,151.089,10.79,19.1,24.6,,2.77,78.86,0.924
USA,North America,United States,2020-01-02,0.0,0.0,,0.0,0.0,,0.0,0.0,,0.0,0.0,,,,,,,,,,,0.0,331002647.0,35.608,38.3,15.413,9.732,54225.446,1.2,151.089,10.79,19.1,24.6,,2.77,78.86,0.924
USA,North America,United States,2020-01-03,0.0,0.0,,0.0,0.0,,0.0,0.0,,0.0,0.0,,,,,,,,,,,0.0,331002647.0,35.608,38.3,15.413,9.732,54225.446,1.2,151.089,10.79,19.1,24.6,,2.77,78.86,0.924
USA,North America,United States,2020-01-04,0.0,0.0,,0.0,0.0,,0.0,0.0,,0.0,0.0,,,,,,,,,,,0.0,331002647.0,35.608,38.3,15.413,9.732,54225.446,1.2,151.089,10.79,19.1,24.6,,2.77,78.86,0.924
USA,North America,United States,2020-01-05,0.0,0.0,,0.0,0.0,,0.0,0.0,,0.0,0.0,,,,,,,,,,,0.0,331002647.0,35.608,38.3,15.413,9.732,54225.446,1.2,151.089,10.79,19.1,24.6,,2.77,78.86,0.924
USA,North America,United States,2020-01-06,0.0,0.0,0.0,0.0,0.0,0.0,0.0,0.0,0.0,0.0,0.0,0.0,,,,,,,,,,0.0,331002647.0,35.608,38.3,15.413,9.732,54225.446,1.2,151.089,10.79,19.1,24.6,,2.77,78.86,0.924
USA,North America,United States,2020-01-07,0.0,0.0,0.0,0.0,0.0,0.0,0.0,0.0,0.0,0.0,0.0,0.0,,,,,,,,,,0.0,331002647.0,35.608,38.3,15.413,9.732,54225.446,1.2,151.089,10.79,19.1,24.6,,2.77,78.86,0.924
USA,North America,United States,2020-01-08,0.0,0.0,0.0,0.0,0.0,0.0,0.0,0.0,0.0,0.0,0.0,0.0,,,,,,,,,,0.0,331002647.0,35.608,38.3,15.413,9.732,54225.446,1.2,151.089,10.79,19.1,24.6,,2.77,78.86,0.924
USA,North America,United States,2020-01-09,0.0,0.0,0.0,0.0,0.0,0.0,0.0,0.0,0.0,0.0,0.0,0.0,,,,,,,,,,0.0,331002647.0,35.608,38.3,15.413,9.732,54225.446,1.2,151.089,10.79,19.1,24.6,,2.77,78.86,0.924
USA,North America,United States,2020-01-10,0.0,0.0,0.0,0.0,0.0,0.0,0.0,0.0,0.0,0.0,0.0,0.0,,,,,,,,,,0.0,331002647.0,35.608,38.3,15.413,9.732,54225.446,1.2,151.089,10.79,19.1,24.6,,2.77,78.86,0.924
USA,North America,United States,2020-01-11,0.0,0.0,0.0,0.0,0.0,0.0,0.0,0.0,0.0,0.0,0.0,0.0,,,,,,,,,,0.0,331002647.0,35.608,38.3,15.413,9.732,54225.446,1.2,151.089,10.79,19.1,24.6,,2.77,78.86,0.924
USA,North America,United States,2020-01-12,0.0,0.0,0.0,0.0,0.0,0.0,0.0,0.0,0.0,0.0,0.0,0.0,,,,,,,,,,0.0,331002647.0,35.608,38.3,15.413,9.732,54225.446,1.2,151.089,10.79,19.1,24.6,,2.77,78.86,0.924
USA,North America,United States,2020-01-13,0.0,0.0,0.0,0.0,0.0,0.0,0.0,0.0,0.0,0.0,0.0,0.0,,,,,,,,,,0.0,331002647.0,35.608,38.3,15.413,9.732,54225.446,1.2,151.089,10.79,19.1,24.6,,2.77,78.86,0.924
USA,North America,United States,2020-01-14,0.0,0.0,0.0,0.0,0.0,0.0,0.0,0.0,0.0,0.0,0.0,0.0,,,,,,,,,,0.0,331002647.0,35.608,38.3,15.413,9.732,54225.446,1.2,151.089,10.79,19.1,24.6,,2.77,78.86,0.924
USA,North America,United States,2020-01-15,0.0,0.0,0.0,0.0,0.0,0.0,0.0,0.0,0.0,0.0,0.0,0.0,,,,,,,,,,0.0,331002647.0,35.608,38.3,15.413,9.732,54225.446,1.2,151.089,10.79,19.1,24.6,,2.77,78.86,0.924
USA,North America,United States,2020-01-16,0.0,0.0,0.0,0.0,0.0,0.0,0.0,0.0,0.0,0.0,0.0,0.0,,,,,,,,,,0.0,331002647.0,35.608,38.3,15.413,9.732,54225.446,1.2,151.089,10.79,19.1,24.6,,2.77,78.86,0.924
USA,North America,United States,2020-01-17,0.0,0.0,0.0,0.0,0.0,0.0,0.0,0.0,0.0,0.0,0.0,0.0,,,,,,,,,,0.0,331002647.0,35.608,38.3,15.413,9.732,54225.446,1.2,151.089,10.79,19.1,24.6,,2.77,78.86,0.924
USA,North America,United States,2020-01-18,0.0,0.0,0.0,0.0,0.0,0.0,0.0,0.0,0.0,0.0,0.0,0.0,,,,,,,,,,0.0,331002647.0,35.608,38.3,15.413,9.732,54225.446,1.2,151.089,10.79,19.1,24.6,,2.77,78.86,0.924
USA,North America,United States,2020-01-19,0.0,0.0,0.0,0.0,0.0,0.0,0.0,0.0,0.0,0.0,0.0,0.0,,,,,,,,,,0.0,331002647.0,35.608,38.3,15.413,9.732,54225.446,1.2,151.089,10.79,19.1,24.6,,2.77,78.86,0.924
USA,North America,United States,2020-01-20,0.0,0.0,0.0,0.0,0.0,0.0,0.0,0.0,0.0,0.0,0.0,0.0,,,,,,,,,,0.0,331002647.0,35.608,38.3,15.413,9.732,54225.446,1.2,151.089,10.79,19.1,24.6,,2.77,78.86,0.924
USA,North America,United States,2020-01-21,1.0,1.0,0.143,0.0,0.0,0.0,0.003,0.003,0.0,0.0,0.0,0.0,,,,,,,,,,0.0,331002647.0,35.608,38.3,15.413,9.732,54225.446,1.2,151.089,10.79,19.1,24.6,,2.77,78.86,0.924
USA,North America,United States,2020-01-22,1.0,0.0,0.143,0.0,0.0,0.0,0.003,0.0,0.0,0.0,0.0,0.0,,,,,,,,,,0.0,331002647.0,35.608,38.3,15.413,9.732,54225.446,1.2,151.089,10.79,19.1,24.6,,2.77,78.86,0.924
USA,North America,United States,2020-01-23,1.0,0.0,0.143,0.0,0.0,0.0,0.003,0.0,0.0,0.0,0.0,0.0,,,,,,,,,,0.0,331002647.0,35.608,38.3,15.413,9.732,54225.446,1.2,151.089,10.79,19.1,24.6,,2.77,78.86,0.924
USA,North America,United States,2020-01-24,1.0,0.0,0.143,0.0,0.0,0.0,0.003,0.0,0.0,0.0,0.0,0.0,,,,,,,,,,0.0,331002647.0,35.608,38.3,15.413,9.732,54225.446,1.2,151.089,10.79,19.1,24.6,,2.77,78.86,0.924
USA,North America,United States,2020-01-25,2.0,1.0,0.286,0.0,0.0,0.0,0.006,0.003,0.001,0.0,0.0,0.0,,,,,,,,,,0.0,331002647.0,35.608,38.3,15.413,9.732,54225.446,1.2,151.089,10.79,19.1,24.6,,2.77,78.86,0.924
USA,North America,United States,2020-01-26,2.0,0.0,0.286,0.0,0.0,0.0,0.006,0.0,0.001,0.0,0.0,0.0,,,,,,,,,,0.0,331002647.0,35.608,38.3,15.413,9.732,54225.446,1.2,151.089,10.79,19.1,24.6,,2.77,78.86,0.924
USA,North America,United States,2020-01-27,5.0,3.0,0.714,0.0,0.0,0.0,0.015,0.009,0.002,0.0,0.0,0.0,,,,,,,,,,0.0,331002647.0,35.608,38.3,15.413,9.732,54225.446,1.2,151.089,10.79,19.1,24.6,,2.77,78.86,0.924
USA,North America,United States,2020-01-28,5.0,0.0,0.571,0.0,0.0,0.0,0.015,0.0,0.002,0.0,0.0,0.0,,,,,,,,,,0.0,331002647.0,35.608,38.3,15.413,9.732,54225.446,1.2,151.089,10.79,19.1,24.6,,2.77,78.86,0.924
USA,North America,United States,2020-01-29,5.0,0.0,0.571,0.0,0.0,0.0,0.015,0.0,0.002,0.0,0.0,0.0,,,,,,,,,,0.0,331002647.0,35.608,38.3,15.413,9.732,54225.446,1.2,151.089,10.79,19.1,24.6,,2.77,78.86,0.924
USA,North America,United States,2020-01-30,5.0,0.0,0.571,0.0,0.0,0.0,0.015,0.0,0.002,0.0,0.0,0.0,,,,,,,,,,0.0,331002647.0,35.608,38.3,15.413,9.732,54225.446,1.2,151.089,10.79,19.1,24.6,,2.77,78.86,0.924
USA,North America,United States,2020-01-31,6.0,1.0,0.714,0.0,0.0,0.0,0.018,0.003,0.002,0.0,0.0,0.0,,,,,,,,,,0.0,331002647.0,35.608,38.3,15.413,9.732,54225.446,1.2,151.089,10.79,19.1,24.6,,2.77,78.86,0.924
USA,North America,United States,2020-02-01,7.0,1.0,0.714,0.0,0.0,0.0,0.021,0.003,0.002,0.0,0.0,0.0,,,,,,,,,,0.0,331002647.0,35.608,38.3,15.413,9.732,54225.446,1.2,151.089,10.79,19.1,24.6,,2.77,78.86,0.924
USA,North America,United States,2020-02-02,8.0,1.0,0.857,0.0,0.0,0.0,0.024,0.003,0.003,0.0,0.0,0.0,,,,,,,,,,5.56,331002647.0,35.608,38.3,15.413,9.732,54225.446,1.2,151.089,10.79,19.1,24.6,,2.77,78.86,0.924
USA,North America,United States,2020-02-03,11.0,3.0,0.857,0.0,0.0,0.0,0.033,0.009,0.003,0.0,0.0,0.0,,,,,,,,,,5.56,331002647.0,35.608,38.3,15.413,9.732,54225.446,1.2,151.089,10.79,19.1,24.6,,2.77,78.86,0.924
USA,North America,United States,2020-02-04,11.0,0.0,0.857,0.0,0.0,0.0,0.033,0.0,0.003,0.0,0.0,0.0,,,,,,,,,,5.56,331002647.0,35.608,38.3,15.413,9.732,54225.446,1.2,151.089,10.79,19.1,24.6,,2.77,78.86,0.924
USA,North America,United States,2020-02-05,11.0,0.0,0.857,0.0,0.0,0.0,0.033,0.0,0.003,0.0,0.0,0.0,,,,,,,,,,5.56,331002647.0,35.608,38.3,15.413,9.732,54225.446,1.2,151.089,10.79,19.1,24.6,,2.77,78.86,0.924
USA,North America,United States,2020-02-06,12.0,1.0,1.0,0.0,0.0,0.0,0.036,0.003,0.003,0.0,0.0,0.0,,,,,,,,,,5.56,331002647.0,35.608,38.3,15.413,9.732,54225.446,1.2,151.089,10.79,19.1,24.6,,2.77,78.86,0.924
USA,North America,United States,2020-02-07,12.0,0.0,0.857,0.0,0.0,0.0,0.036,0.0,0.003,0.0,0.0,0.0,,,,,,,,,,5.56,331002647.0,35.608,38.3,15.413,9.732,54225.446,1.2,151.089,10.79,19.1,24.6,,2.77,78.86,0.924
USA,North America,United States,2020-02-08,12.0,0.0,0.714,0.0,0.0,0.0,0.036,0.0,0.002,0.0,0.0,0.0,,,,,,,,,,5.56,331002647.0,35.608,38.3,15.413,9.732,54225.446,1.2,151.089,10.79,19.1,24.6,,2.77,78.86,0.924
USA,North America,United States,2020-02-09,12.0,0.0,0.571,0.0,0.0,0.0,0.036,0.0,0.002,0.0,0.0,0.0,,,,,,,,,,5.56,331002647.0,35.608,38.3,15.413,9.732,54225.446,1.2,151.089,10.79,19.1,24.6,,2.77,78.86,0.924
USA,North America,United States,2020-02-10,12.0,0.0,0.143,0.0,0.0,0.0,0.036,0.0,0.0,0.0,0.0,0.0,,,,,,,,,,5.56,331002647.0,35.608,38.3,15.413,9.732,54225.446,1.2,151.089,10.79,19.1,24.6,,2.77,78.86,0.924
USA,North America,United States,2020-02-11,13.0,1.0,0.286,0.0,0.0,0.0,0.039,0.003,0.001,0.0,0.0,0.0,,,,,,,,,,5.56,331002647.0,35.608,38.3,15.413,9.732,54225.446,1.2,151.089,10.79,19.1,24.6,,2.77,78.86,0.924
USA,North America,United States,2020-02-12,13.0,0.0,0.286,0.0,0.0,0.0,0.039,0.0,0.001,0.0,0.0,0.0,,,,,,,,,,5.56,331002647.0,35.608,38.3,15.413,9.732,54225.446,1.2,151.089,10.79,19.1,24.6,,2.77,78.86,0.924
USA,North America,United States,2020-02-13,14.0,1.0,0.286,0.0,0.0,0.0,0.042,0.003,0.001,0.0,0.0,0.0,,,,,,,,,,5.56,331002647.0,35.608,38.3,15.413,9.732,54225.446,1.2,151.089,10.79,19.1,24.6,,2.77,78.86,0.924
USA,North America,United States,2020-02-14,15.0,1.0,0.429,0.0,0.0,0.0,0.045,0.003,0.001,0.0,0.0,0.0,,,,,,,,,,5.56,331002647.0,35.608,38.3,15.413,9.732,54225.446,1.2,151.089,10.79,19.1,24.6,,2.77,78.86,0.924
USA,North America,United States,2020-02-15,15.0,0.0,0.429,0.0,0.0,0.0,0.045,0.0,0.001,0.0,0.0,0.0,,,,,,,,,,5.56,331002647.0,35.608,38.3,15.413,9.732,54225.446,1.2,151.089,10.79,19.1,24.6,,2.77,78.86,0.924
USA,North America,United States,2020-02-16,15.0,0.0,0.429,0.0,0.0,0.0,0.045,0.0,0.001,0.0,0.0,0.0,,,,,,,,,,5.56,331002647.0,35.608,38.3,15.413,9.732,54225.446,1.2,151.089,10.79,19.1,24.6,,2.77,78.86,0.924
USA,North America,United States,2020-02-17,15.0,0.0,0.429,0.0,0.0,0.0,0.045,0.0,0.001,0.0,0.0,0.0,,,,,,,,,,5.56,331002647.0,35.608,38.3,15.413,9.732,54225.446,1.2,151.089,10.79,19.1,24.6,,2.77,78.86,0.924
USA,North America,United States,2020-02-18,15.0,0.0,0.286,0.0,0.0,0.0,0.045,0.0,0.001,0.0,0.0,0.0,,,,,,,,,,5.56,331002647.0,35.608,38.3,15.413,9.732,54225.446,1.2,151.089,10.79,19.1,24.6,,2.77,78.86,0.924
USA,North America,United States,2020-02-19,15.0,0.0,0.286,0.0,0.0,0.0,0.045,0.0,0.001,0.0,0.0,0.0,,,,,,,,,,5.56,331002647.0,35.608,38.3,15.413,9.732,54225.446,1.2,151.089,10.79,19.1,24.6,,2.77,78.86,0.924
USA,North America,United States,2020-02-20,15.0,0.0,0.143,0.0,0.0,0.0,0.045,0.0,0.0,0.0,0.0,0.0,,,,,,,,,,5.56,331002647.0,35.608,38.3,15.413,9.732,54225.446,1.2,151.089,10.79,19.1,24.6,,2.77,78.86,0.924
USA,North America,United States,2020-02-21,16.0,1.0,0.143,0.0,0.0,0.0,0.048,0.003,0.0,0.0,0.0,0.0,,,,,,,,,,5.56,331002647.0,35.608,38.3,15.413,9.732,54225.446,1.2,151.089,10.79,19.1,24.6,,2.77,78.86,0.924
USA,North America,United States,2020-02-22,35.0,19.0,2.857,0.0,0.0,0.0,0.106,0.057,0.009,0.0,0.0,0.0,,,,,,,,,,5.56,331002647.0,35.608,38.3,15.413,9.732,54225.446,1.2,151.089,10.79,19.1,24.6,,2.77,78.86,0.924
USA,North America,United States,2020-02-23,35.0,0.0,2.857,0.0,0.0,0.0,0.106,0.0,0.009,0.0,0.0,0.0,,,,,,,,,,5.56,331002647.0,35.608,38.3,15.413,9.732,54225.446,1.2,151.089,10.79,19.1,24.6,,2.77,78.86,0.924
USA,North America,United States,2020-02-24,35.0,0.0,2.857,0.0,0.0,0.0,0.106,0.0,0.009,0.0,0.0,0.0,,,,,,,,,,5.56,331002647.0,35.608,38.3,15.413,9.732,54225.446,1.2,151.089,10.79,19.1,24.6,,2.77,78.86,0.924
USA,North America,United States,2020-02-25,53.0,18.0,5.429,0.0,0.0,0.0,0.16,0.054,0.016,0.0,0.0,0.0,,,,,,,,,,5.56,331002647.0,35.608,38.3,15.413,9.732,54225.446,1.2,151.089,10.79,19.1,24.6,,2.77,78.86,0.924
USA,North America,United States,2020-02-26,53.0,0.0,5.429,0.0,0.0,0.0,0.16,0.0,0.016,0.0,0.0,0.0,,,,,,,,,,5.56,331002647.0,35.608,38.3,15.413,9.732,54225.446,1.2,151.089,10.79,19.1,24.6,,2.77,78.86,0.924
USA,North America,United States,2020-02-27,59.0,6.0,6.286,0.0,0.0,0.0,0.178,0.018,0.019,0.0,0.0,0.0,,,,,,,,,,5.56,331002647.0,35.608,38.3,15.413,9.732,54225.446,1.2,151.089,10.79,19.1,24.6,,2.77,78.86,0.924
USA,North America,United States,2020-02-28,60.0,1.0,6.286,0.0,0.0,0.0,0.181,0.003,0.019,0.0,0.0,0.0,,,,,,,,,,5.56,331002647.0,35.608,38.3,15.413,9.732,54225.446,1.2,151.089,10.79,19.1,24.6,,2.77,78.86,0.924
USA,North America,United States,2020-02-29,66.0,6.0,4.429,0.0,0.0,0.0,0.199,0.018,0.013,0.0,0.0,0.0,,,,,,,,,,5.56,331002647.0,35.608,38.3,15.413,9.732,54225.446,1.2,151.089,10.79,19.1,24.6,,2.77,78.86,0.924
USA,North America,United States,2020-03-01,69.0,3.0,4.857,1.0,1.0,0.143,0.208,0.009,0.015,0.003,0.003,0.0,130.0,130.0,0.0,0.0,,,,,tests performed,8.33,331002647.0,35.608,38.3,15.413,9.732,54225.446,1.2,151.089,10.79,19.1,24.6,,2.77,78.86,0.924
USA,North America,United States,2020-03-02,89.0,20.0,7.714,2.0,1.0,0.286,0.269,0.06,0.023,0.006,0.003,0.001,342.0,472.0,0.001,0.001,,,,,tests performed,11.11,331002647.0,35.608,38.3,15.413,9.732,54225.446,1.2,151.089,10.79,19.1,24.6,,2.77,78.86,0.924
USA,North America,United States,2020-03-03,103.0,14.0,7.143,6.0,4.0,0.857,0.311,0.042,0.022,0.018,0.012,0.003,726.0,1198.0,0.004,0.002,,,,,tests performed,11.11,331002647.0,35.608,38.3,15.413,9.732,54225.446,1.2,151.089,10.79,19.1,24.6,,2.77,78.86,0.924
USA,North America,United States,2020-03-04,125.0,22.0,10.286,9.0,3.0,1.286,0.378,0.066,0.031,0.027,0.009,0.004,819.0,2017.0,0.006,0.002,,,,,tests performed,11.11,331002647.0,35.608,38.3,15.413,9.732,54225.446,1.2,151.089,10.79,19.1,24.6,,2.77,78.86,0.924
USA,North America,United States,2020-03-05,159.0,34.0,14.286,11.0,2.0,1.571,0.48,0.103,0.043,0.033,0.006,0.005,967.0,2984.0,0.009,0.003,,,,,tests performed,20.37,331002647.0,35.608,38.3,15.413,9.732,54225.446,1.2,151.089,10.79,19.1,24.6,,2.77,78.86,0.924
USA,North America,United States,2020-03-06,233.0,74.0,24.714,12.0,1.0,1.714,0.704,0.224,0.075,0.036,0.003,0.005,1312.0,4296.0,0.013,0.004,,,,,tests performed,20.37,331002647.0,35.608,38.3,15.413,9.732,54225.446,1.2,151.089,10.79,19.1,24.6,,2.77,78.86,0.924
USA,North America,United States,2020-03-07,338.0,105.0,38.857,14.0,2.0,2.0,1.021,0.317,0.117,0.042,0.006,0.006,1320.0,5616.0,0.017,0.004,,,,,tests performed,20.37,331002647.0,35.608,38.3,15.413,9.732,54225.446,1.2,151.089,10.79,19.1,24.6,,2.77,78.86,0.924
USA,North America,United States,2020-03-08,433.0,95.0,52.0,17.0,3.0,2.286,1.308,0.287,0.157,0.051,0.009,0.007,1414.0,7030.0,0.021,0.004,986.0,0.003,18.962,0.053,tests performed,20.37,331002647.0,35.608,38.3,15.413,9.732,54225.446,1.2,151.089,10.79,19.1,24.6,,2.77,78.86,0.924
USA,North America,United States,2020-03-09,554.0,121.0,66.429,21.0,4.0,2.714,1.674,0.366,0.201,0.063,0.012,0.008,2028.0,9058.0,0.027,0.006,1227.0,0.004,18.471,0.054000000000000006,tests performed,20.37,331002647.0,35.608,38.3,15.413,9.732,54225.446,1.2,151.089,10.79,19.1,24.6,,2.77,78.86,0.924
USA,North America,United States,2020-03-10,754.0,200.0,93.0,26.0,5.0,2.857,2.278,0.604,0.281,0.079,0.015,0.009,2671.0,11729.0,0.035,0.008,1504.0,0.005,16.172,0.062,tests performed,20.37,331002647.0,35.608,38.3,15.413,9.732,54225.446,1.2,151.089,10.79,19.1,24.6,,2.77,78.86,0.924
USA,North America,United States,2020-03-11,1025.0,271.0,128.571,28.0,2.0,2.714,3.097,0.819,0.388,0.085,0.006,0.008,3851.0,15580.0,0.047,0.012,1938.0,0.006,15.073,0.066,tests performed,21.76,331002647.0,35.608,38.3,15.413,9.732,54225.446,1.2,151.089,10.79,19.1,24.6,,2.77,78.86,0.924
USA,North America,United States,2020-03-12,1312.0,287.0,164.714,30.0,2.0,2.714,3.964,0.867,0.498,0.091,0.006,0.008,7008.0,22588.0,0.068,0.021,2801.0,0.008,17.005,0.059000000000000004,tests performed,30.09,331002647.0,35.608,38.3,15.413,9.732,54225.446,1.2,151.089,10.79,19.1,24.6,,2.77,78.86,0.924
USA,North America,United States,2020-03-13,1663.0,351.0,204.286,40.0,10.0,4.0,5.024,1.06,0.617,0.121,0.03,0.012,9960.0,32548.0,0.098,0.03,4036.0,0.012,19.757,0.051,tests performed,30.09,331002647.0,35.608,38.3,15.413,9.732,54225.446,1.2,151.089,10.79,19.1,24.6,,2.77,78.86,0.924
USA,North America,United States,2020-03-14,2174.0,511.0,262.286,47.0,7.0,4.714,6.568,1.544,0.792,0.142,0.021,0.014,10564.0,43112.0,0.13,0.032,5357.0,0.016,20.424,0.049,tests performed,35.65,331002647.0,35.608,38.3,15.413,9.732,54225.446,1.2,151.089,10.79,19.1,24.6,,2.77,78.86,0.924
USA,North America,United States,2020-03-15,2951.0,777.0,359.714,57.0,10.0,5.714,8.915,2.347,1.087,0.172,0.03,0.017,11988.0,55100.0,0.166,0.036,6867.0,0.021,19.09,0.052000000000000005,tests performed,41.2,331002647.0,35.608,38.3,15.413,9.732,54225.446,1.2,151.089,10.79,19.1,24.6,,2.77,78.86,0.924
USA,North America,United States,2020-03-16,3774.0,823.0,460.0,69.0,12.0,6.857,11.402,2.486,1.39,0.208,0.036,0.021,22987.0,78087.0,0.236,0.069,9861.0,0.03,21.436999999999998,0.047,tests performed,52.31,331002647.0,35.608,38.3,15.413,9.732,54225.446,1.2,151.089,10.79,19.1,24.6,,2.77,78.86,0.924
USA,North America,United States,2020-03-17,4661.0,887.0,558.143,85.0,16.0,8.429,14.081,2.68,1.686,0.257,0.048,0.025,36172.0,114259.0,0.345,0.109,14647.0,0.044,26.241999999999997,0.038,tests performed,55.09,331002647.0,35.608,38.3,15.413,9.732,54225.446,1.2,151.089,10.79,19.1,24.6,,2.77,78.86,0.924
USA,North America,United States,2020-03-18,6427.0,1766.0,771.714,108.0,23.0,11.429,19.417,5.335,2.331,0.326,0.069,0.035,46929.0,161188.0,0.487,0.142,20801.0,0.063,26.954,0.037000000000000005,tests performed,55.09,331002647.0,35.608,38.3,15.413,9.732,54225.446,1.2,151.089,10.79,19.1,24.6,,2.77,78.86,0.924
USA,North America,United States,2020-03-19,9415.0,2988.0,1157.571,150.0,42.0,17.143,28.444,9.027,3.497,0.453,0.127,0.052,56556.0,217744.0,0.658,0.171,27879.0,0.084,24.084,0.042,tests performed,67.13,331002647.0,35.608,38.3,15.413,9.732,54225.446,1.2,151.089,10.79,19.1,24.6,,2.77,78.86,0.924
USA,North America,United States,2020-03-20,14250.0,4835.0,1798.143,150.0,0.0,15.714,43.051,14.607,5.432,0.453,0.0,0.047,68237.0,285981.0,0.864,0.206,36205.0,0.109,20.135,0.05,tests performed,67.13,331002647.0,35.608,38.3,15.413,9.732,54225.446,1.2,151.089,10.79,19.1,24.6,,2.77,78.86,0.924
USA,North America,United States,2020-03-21,19624.0,5374.0,2492.857,260.0,110.0,30.429,59.287,16.236,7.531,0.785,0.332,0.092,68651.0,354632.0,1.071,0.207,44503.0,0.134,17.852,0.055999999999999994,tests performed,72.69,331002647.0,35.608,38.3,15.413,9.732,54225.446,1.2,151.089,10.79,19.1,24.6,,2.77,78.86,0.924
USA,North America,United States,2020-03-22,26747.0,7123.0,3399.429,340.0,80.0,40.429,80.806,21.519,10.27,1.027,0.242,0.122,63202.0,417834.0,1.262,0.191,51819.0,0.157,15.243,0.066,tests performed,72.69,331002647.0,35.608,38.3,15.413,9.732,54225.446,1.2,151.089,10.79,19.1,24.6,,2.77,78.86,0.924
USA,North America,United States,2020-03-23,35206.0,8459.0,4490.286,471.0,131.0,57.429,106.362,25.556,13.566,1.423,0.396,0.173,71142.0,488976.0,1.477,0.215,58698.0,0.177,13.072000000000001,0.076,tests performed,72.69,331002647.0,35.608,38.3,15.413,9.732,54225.446,1.2,151.089,10.79,19.1,24.6,,2.77,78.86,0.924
USA,North America,United States,2020-03-24,46442.0,11236.0,5968.714,590.0,119.0,72.143,140.307,33.945,18.032,1.782,0.36,0.218,92182.0,581158.0,1.756,0.278,66700.0,0.202,11.175,0.08900000000000001,tests performed,72.69,331002647.0,35.608,38.3,15.413,9.732,54225.446,1.2,151.089,10.79,19.1,24.6,,2.77,78.86,0.924
USA,North America,United States,2020-03-25,55231.0,8789.0,6972.0,801.0,211.0,99.0,166.86,26.553,21.063,2.42,0.637,0.299,101291.0,682449.0,2.062,0.306,74466.0,0.225,10.681,0.094,tests performed,72.69,331002647.0,35.608,38.3,15.413,9.732,54225.446,1.2,151.089,10.79,19.1,24.6,,2.77,78.86,0.924
USA,North America,United States,2020-03-26,69194.0,13963.0,8539.857,1050.0,249.0,128.571,209.044,42.184,25.8,3.172,0.752,0.388,113095.0,795544.0,2.403,0.342,82543.0,0.249,9.666,0.10300000000000001,tests performed,72.69,331002647.0,35.608,38.3,15.413,9.732,54225.446,1.2,151.089,10.79,19.1,24.6,,2.77,78.86,0.924
USA,North America,United States,2020-03-27,85991.0,16797.0,10248.714,1296.0,246.0,163.714,259.789,50.746,30.963,3.915,0.743,0.495,118850.0,914394.0,2.762,0.359,89773.0,0.271,8.759,0.114,tests performed,72.69,331002647.0,35.608,38.3,15.413,9.732,54225.446,1.2,151.089,10.79,19.1,24.6,,2.77,78.86,0.924
USA,North America,United States,2020-03-28,104686.0,18695.0,12151.714,1707.0,411.0,206.714,316.269,56.48,36.712,5.157,1.242,0.625,107914.0,1022308.0,3.089,0.326,95382.0,0.288,7.849,0.127,tests performed,72.69,331002647.0,35.608,38.3,15.413,9.732,54225.446,1.2,151.089,10.79,19.1,24.6,,2.77,78.86,0.924
USA,North America,United States,2020-03-29,124665.0,19979.0,13988.286,2191.0,484.0,264.429,376.628,60.359,42.26,6.619,1.462,0.799,98597.0,1120905.0,3.386,0.298,100439.0,0.303,7.18,0.139,tests performed,72.69,331002647.0,35.608,38.3,15.413,9.732,54225.446,1.2,151.089,10.79,19.1,24.6,,2.77,78.86,0.924
USA,North America,United States,2020-03-30,143025.0,18360.0,15402.714,2509.0,318.0,291.143,432.096,55.468,46.534,7.58,0.961,0.88,108747.0,1229652.0,3.715,0.329,105811.0,0.32,6.87,0.146,tests performed,72.69,331002647.0,35.608,38.3,15.413,9.732,54225.446,1.2,151.089,10.79,19.1,24.6,,2.77,78.86,0.924
USA,North America,United States,2020-03-31,164620.0,21595.0,16882.571,3170.0,661.0,368.571,497.337,65.241,51.004,9.577,1.997,1.113,126843.0,1356495.0,4.098,0.383,110762.0,0.335,6.561,0.152,tests performed,72.69,331002647.0,35.608,38.3,15.413,9.732,54225.446,1.2,151.089,10.79,19.1,24.6,,2.77,78.86,0.924
USA,North America,United States,2020-04-01,189618.0,24998.0,19198.143,4079.0,909.0,468.286,572.859,75.522,58.0,12.323,2.746,1.415,134821.0,1491316.0,4.505,0.407,115552.0,0.349,6.019,0.166,tests performed,72.69,331002647.0,35.608,38.3,15.413,9.732,54225.446,1.2,151.089,10.79,19.1,24.6,,2.77,78.86,0.924
USA,North America,United States,2020-04-02,216721.0,27103.0,21075.286,5138.0,1059.0,584.0,654.741,81.882,63.671,15.523,3.199,1.764,141384.0,1632700.0,4.933,0.427,119594.0,0.361,5.675,0.17600000000000002,tests performed,72.69,331002647.0,35.608,38.3,15.413,9.732,54225.446,1.2,151.089,10.79,19.1,24.6,,2.77,78.86,0.924
USA,North America,United States,2020-04-03,245540.0,28819.0,22792.714,6053.0,915.0,679.571,741.807,87.066,68.86,18.287,2.764,2.053,150343.0,1783043.0,5.387,0.454,124093.0,0.375,5.444,0.184,tests performed,72.69,331002647.0,35.608,38.3,15.413,9.732,54225.446,1.2,151.089,10.79,19.1,24.6,,2.77,78.86,0.924
USA,North America,United States,2020-04-04,277965.0,32425.0,24754.143,7157.0,1104.0,778.571,839.767,97.96,74.785,21.622,3.335,2.352,134729.0,1917772.0,5.794,0.407,127923.0,0.386,5.167999999999999,0.19399999999999998,tests performed,72.69,331002647.0,35.608,38.3,15.413,9.732,54225.446,1.2,151.089,10.79,19.1,24.6,,2.77,78.86,0.924
USA,North America,United States,2020-04-05,312237.0,34272.0,26796.0,8501.0,1344.0,901.429,943.307,103.54,80.954,25.683,4.06,2.723,128459.0,2046231.0,6.182,0.388,132189.0,0.399,4.933,0.203,tests performed,72.69,331002647.0,35.608,38.3,15.413,9.732,54225.446,1.2,151.089,10.79,19.1,24.6,,2.77,78.86,0.924
USA,North America,United States,2020-04-06,337635.0,25398.0,27801.429,9647.0,1146.0,1019.714,1020.037,76.731,83.992,29.145,3.462,3.081,130918.0,2177149.0,6.577,0.396,135357.0,0.409,4.869,0.205,tests performed,72.69,331002647.0,35.608,38.3,15.413,9.732,54225.446,1.2,151.089,10.79,19.1,24.6,,2.77,78.86,0.924
USA,North America,United States,2020-04-07,368196.0,30561.0,29082.286,10989.0,1342.0,1117.0,1112.366,92.329,87.861,33.199,4.054,3.375,150801.0,2327950.0,7.033,0.456,138779.0,0.419,4.772,0.21,tests performed,72.69,331002647.0,35.608,38.3,15.413,9.732,54225.446,1.2,151.089,10.79,19.1,24.6,,2.77,78.86,0.924
USA,North America,United States,2020-04-08,398809.0,30613.0,29884.429,12895.0,1906.0,1259.429,1204.851,92.486,90.285,38.957,5.758,3.805,345918.0,2673868.0,8.078,1.045,168936.0,0.51,5.653,0.177,tests performed,72.69,331002647.0,35.608,38.3,15.413,9.732,54225.446,1.2,151.089,10.79,19.1,24.6,,2.77,78.86,0.924
USA,North America,United States,2020-04-09,432132.0,33323.0,30773.0,14817.0,1922.0,1382.714,1305.524,100.673,92.969,44.764,5.807,4.177,166167.0,2840035.0,8.58,0.502,172476.0,0.521,5.605,0.17800000000000002,tests performed,72.69,331002647.0,35.608,38.3,15.413,9.732,54225.446,1.2,151.089,10.79,19.1,24.6,,2.77,78.86,0.924
USA,North America,United States,2020-04-10,466033.0,33901.0,31499.0,16690.0,1873.0,1519.571,1407.943,102.419,95.162,50.423,5.659,4.591,172694.0,3012729.0,9.102,0.522,175669.0,0.531,5.577000000000001,0.179,tests performed,72.69,331002647.0,35.608,38.3,15.413,9.732,54225.446,1.2,151.089,10.79,19.1,24.6,,2.77,78.86,0.924
USA,North America,United States,2020-04-11,501560.0,35527.0,31942.143,18777.0,2087.0,1660.0,1515.275,107.331,96.501,56.728,6.305,5.015,206616.0,3219345.0,9.726,0.624,185939.0,0.562,5.821000000000001,0.172,tests performed,72.69,331002647.0,35.608,38.3,15.413,9.732,54225.446,1.2,151.089,10.79,19.1,24.6,,2.77,78.86,0.924
USA,North America,United States,2020-04-12,529951.0,28391.0,31102.0,20608.0,1831.0,1729.571,1601.048,85.773,93.963,62.259,5.532,5.225,119647.0,3338992.0,10.088,0.361,184680.0,0.558,5.938,0.168,tests performed,72.69,331002647.0,35.608,38.3,15.413,9.732,54225.446,1.2,151.089,10.79,19.1,24.6,,2.77,78.86,0.924
USA,North America,United States,2020-04-13,557571.0,27620.0,31419.429,22108.0,1500.0,1780.143,1684.491,83.443,94.922,66.791,4.532,5.378,108505.0,3447497.0,10.415,0.328,181478.0,0.548,5.776,0.17300000000000001,tests performed,72.69,331002647.0,35.608,38.3,15.413,9.732,54225.446,1.2,151.089,10.79,19.1,24.6,,2.77,78.86,0.924
USA,North America,United States,2020-04-14,582594.0,25023.0,30628.286,23649.0,1541.0,1808.571,1760.089,75.598,92.532,71.447,4.656,5.464,149145.0,3596642.0,10.866,0.451,181242.0,0.548,5.917000000000001,0.16899999999999998,tests performed,72.69,331002647.0,35.608,38.3,15.413,9.732,54225.446,1.2,151.089,10.79,19.1,24.6,,2.77,78.86,0.924
USA,North America,United States,2020-04-15,609516.0,26922.0,30101.0,26057.0,2408.0,1880.286,1841.423,81.335,90.939,78.721,7.275,5.681,180525.0,3777167.0,11.411,0.545,157614.0,0.476,5.236000000000001,0.191,tests performed,72.69,331002647.0,35.608,38.3,15.413,9.732,54225.446,1.2,151.089,10.79,19.1,24.6,,2.77,78.86,0.924
USA,North America,United States,2020-04-16,639664.0,30148.0,29647.429,30985.0,4928.0,2309.714,1932.504,91.081,89.569,93.61,14.888,6.978,177545.0,3954712.0,11.948,0.536,159240.0,0.481,5.371,0.18600000000000003,tests performed,72.69,331002647.0,35.608,38.3,15.413,9.732,54225.446,1.2,151.089,10.79,19.1,24.6,,2.77,78.86,0.924
USA,North America,United States,2020-04-17,671331.0,31667.0,29328.286,33284.0,2299.0,2370.571,2028.174,95.67,88.604,100.555,6.946,7.162,176082.0,4130794.0,12.48,0.532,159724.0,0.483,5.446000000000001,0.184,tests performed,72.69,331002647.0,35.608,38.3,15.413,9.732,54225.446,1.2,151.089,10.79,19.1,24.6,,2.77,78.86,0.924
USA,North America,United States,2020-04-18,702164.0,30833.0,28657.714,37054.0,3770.0,2611.0,2121.324,93.15,86.579,111.945,11.39,7.888,174341.0,4305135.0,13.006,0.527,155113.0,0.469,5.412999999999999,0.185,tests performed,72.69,331002647.0,35.608,38.3,15.413,9.732,54225.446,1.2,151.089,10.79,19.1,24.6,,2.77,78.86,0.924
USA,North America,United States,2020-04-19,735086.0,32922.0,29305.0,38910.0,1856.0,2614.571,2220.786,99.461,88.534,117.552,5.607,7.899,133906.0,4439041.0,13.411,0.405,157150.0,0.475,5.3629999999999995,0.18600000000000003,tests performed,72.69,331002647.0,35.608,38.3,15.413,9.732,54225.446,1.2,151.089,10.79,19.1,24.6,,2.77,78.86,0.924
USA,North America,United States,2020-04-20,759687.0,24601.0,28873.714,40682.0,1772.0,2653.429,2295.109,74.323,87.231,122.905,5.353,8.016,156261.0,4595302.0,13.883,0.472,163972.0,0.495,5.678999999999999,0.17600000000000002,tests performed,72.69,331002647.0,35.608,38.3,15.413,9.732,54225.446,1.2,151.089,10.79,19.1,24.6,,2.77,78.86,0.924
USA,North America,United States,2020-04-21,787752.0,28065.0,29308.286,42539.0,1857.0,2698.571,2379.896,84.788,88.544,128.516,5.61,8.153,216592.0,4811894.0,14.537,0.654,173607.0,0.524,5.922999999999999,0.16899999999999998,tests performed,72.69,331002647.0,35.608,38.3,15.413,9.732,54225.446,1.2,151.089,10.79,19.1,24.6,,2.77,78.86,0.924
USA,North America,United States,2020-04-22,825041.0,37289.0,30789.286,45063.0,2524.0,2715.143,2492.551,112.655,93.018,136.141,7.625,8.203,223086.0,5034980.0,15.211,0.674,179688.0,0.543,5.836,0.171,tests performed,72.69,331002647.0,35.608,38.3,15.413,9.732,54225.446,1.2,151.089,10.79,19.1,24.6,,2.77,78.86,0.924
USA,North America,United States,2020-04-23,842629.0,17588.0,28995.0,46784.0,1721.0,2257.0,2545.687,53.136,87.597,141.34,5.199,6.819,216404.0,5251384.0,15.865,0.654,185239.0,0.56,6.388999999999999,0.157,tests performed,72.69,331002647.0,35.608,38.3,15.413,9.732,54225.446,1.2,151.089,10.79,19.1,24.6,,2.77,78.86,0.924
USA,North America,United States,2020-04-24,869172.0,26543.0,28263.0,49963.0,3179.0,2382.714,2625.876,80.19,85.386,150.944,9.604,7.198,246219.0,5497603.0,16.609,0.744,195258.0,0.59,6.909,0.145,tests performed,72.69,331002647.0,35.608,38.3,15.413,9.732,54225.446,1.2,151.089,10.79,19.1,24.6,,2.77,78.86,0.924
USA,North America,United States,2020-04-25,890524.0,21352.0,26908.571,51017.0,1054.0,1994.714,2690.383,64.507,81.294,154.129,3.184,6.026,214553.0,5712156.0,17.257,0.648,201003.0,0.607,7.47,0.134,tests performed,72.69,331002647.0,35.608,38.3,15.413,9.732,54225.446,1.2,151.089,10.79,19.1,24.6,,2.77,78.86,0.924
USA,North America,United States,2020-04-26,939053.0,48529.0,29138.143,53189.0,2172.0,2039.857,2836.995,146.612,88.03,160.691,6.562,6.163,199144.0,5911300.0,17.859,0.602,210323.0,0.635,7.218,0.139,tests performed,72.69,331002647.0,35.608,38.3,15.413,9.732,54225.446,1.2,151.089,10.79,19.1,24.6,,2.77,78.86,0.924
USA,North America,United States,2020-04-27,965910.0,26857.0,29460.429,54876.0,1687.0,2027.714,2918.134,81.138,89.004,165.787,5.097,6.126,216218.0,6127518.0,18.512,0.653,218888.0,0.661,7.43,0.135,tests performed,72.69,331002647.0,35.608,38.3,15.413,9.732,54225.446,1.2,151.089,10.79,19.1,24.6,,2.77,78.86,0.924
USA,North America,United States,2020-04-28,988451.0,22541.0,28671.286,56245.0,1369.0,1958.0,2986.233,68.099,86.62,169.923,4.136,5.915,245775.0,6373293.0,19.255,0.743,223057.0,0.674,7.78,0.129,tests performed,72.69,331002647.0,35.608,38.3,15.413,9.732,54225.446,1.2,151.089,10.79,19.1,24.6,,2.77,78.86,0.924
USA,North America,United States,2020-04-29,1012583.0,24132.0,26791.714,58355.0,2110.0,1898.857,3059.139,72.906,80.941,176.298,6.375,5.737,289637.0,6662930.0,20.13,0.875,232564.0,0.703,8.68,0.115,tests performed,72.69,331002647.0,35.608,38.3,15.413,9.732,54225.446,1.2,151.089,10.79,19.1,24.6,,2.77,78.86,0.924
USA,North America,United States,2020-04-30,1039909.0,27326.0,28182.857,60966.0,2611.0,2026.0,3141.694,82.555,85.144,184.186,7.888,6.121,307849.0,6970779.0,21.06,0.93,245628.0,0.742,8.716000000000001,0.115,tests performed,72.69,331002647.0,35.608,38.3,15.413,9.732,54225.446,1.2,151.089,10.79,19.1,24.6,,2.77,78.86,0.924
USA,North America,United States,2020-05-01,1069826.0,29917.0,28664.857,63006.0,2040.0,1863.286,3232.077,90.383,86.6,190.349,6.163,5.629,292701.0,7263480.0,21.944,0.884,252268.0,0.762,8.801,0.114,tests performed,72.69,331002647.0,35.608,38.3,15.413,9.732,54225.446,1.2,151.089,10.79,19.1,24.6,,2.77,78.86,0.924
USA,North America,United States,2020-05-02,1103781.0,33955.0,30465.286,65068.0,2062.0,2007.286,3334.659,102.582,92.039,196.578,6.23,6.064,279183.0,7542663.0,22.787,0.843,261501.0,0.79,8.584,0.11699999999999999,tests performed,72.69,331002647.0,35.608,38.3,15.413,9.732,54225.446,1.2,151.089,10.79,19.1,24.6,,2.77,78.86,0.924
USA,North America,United States,2020-05-03,1133069.0,29288.0,27716.571,66385.0,1317.0,1885.143,3423.142,88.483,83.735,200.557,3.979,5.695,187959.0,7730622.0,23.355,0.568,259903.0,0.785,9.377,0.107,tests performed,72.69,331002647.0,35.608,38.3,15.413,9.732,54225.446,1.2,151.089,10.79,19.1,24.6,,2.77,78.86,0.924
USA,North America,United States,2020-05-04,1158041.0,24972.0,27447.286,67682.0,1297.0,1829.429,3498.585,75.444,82.922,204.476,3.918,5.527,210365.0,7940987.0,23.991,0.636,259067.0,0.783,9.439,0.106,tests performed,72.69,331002647.0,35.608,38.3,15.413,9.732,54225.446,1.2,151.089,10.79,19.1,24.6,,2.77,78.86,0.924
USA,North America,United States,2020-05-05,1180634.0,22593.0,27454.714,68934.0,1252.0,1812.714,3566.842,68.256,82.944,208.258,3.782,5.476,349343.0,8290330.0,25.046,1.055,273862.0,0.827,9.975,0.1,tests performed,72.69,331002647.0,35.608,38.3,15.413,9.732,54225.446,1.2,151.089,10.79,19.1,24.6,,2.77,78.86,0.924
USA,North America,United States,2020-05-06,1204475.0,23841.0,27413.143,71078.0,2144.0,1817.571,3638.868,72.027,82.819,214.735,6.477,5.491,311046.0,8601376.0,25.986,0.94,276921.0,0.837,10.102,0.099,tests performed,72.69,331002647.0,35.608,38.3,15.413,9.732,54225.446,1.2,151.089,10.79,19.1,24.6,,2.77,78.86,0.924
USA,North America,United States,2020-05-07,1228603.0,24128.0,26956.286,73431.0,2353.0,1780.714,3711.762,72.894,81.438,221.844,7.109,5.38,366408.0,8967784.0,27.093,1.107,285286.0,0.862,10.583,0.094,tests performed,72.69,331002647.0,35.608,38.3,15.413,9.732,54225.446,1.2,151.089,10.79,19.1,24.6,,2.77,78.86,0.924
USA,North America,United States,2020-05-08,1256972.0,28369.0,26735.143,75670.0,2239.0,1809.143,3797.468,85.706,80.77,228.608,6.764,5.466,397060.0,9364844.0,28.292,1.2,300195.0,0.907,11.228,0.08900000000000001,tests performed,72.69,331002647.0,35.608,38.3,15.413,9.732,54225.446,1.2,151.089,10.79,19.1,24.6,,2.77,78.86,0.924
USA,North America,United States,2020-05-09,1283929.0,26957.0,25735.429,77180.0,1510.0,1730.286,3878.909,81.44,77.75,233.17,4.562,5.227,316022.0,9680866.0,29.247,0.955,305458.0,0.923,11.869000000000002,0.084,tests performed,72.69,331002647.0,35.608,38.3,15.413,9.732,54225.446,1.2,151.089,10.79,19.1,24.6,,2.77,78.86,0.924
USA,North America,United States,2020-05-10,1309541.0,25612.0,25210.286,78794.0,1614.0,1772.714,3956.286,77.377,76.163,238.046,4.876,5.356,215024.0,9895890.0,29.897,0.65,309324.0,0.935,12.27,0.08199999999999999,tests performed,72.69,331002647.0,35.608,38.3,15.413,9.732,54225.446,1.2,151.089,10.79,19.1,24.6,,2.77,78.86,0.924
USA,North America,United States,2020-05-11,1329799.0,20258.0,24536.857,79528.0,734.0,1692.286,4017.488,61.202,74.129,240.264,2.218,5.113,350276.0,10246166.0,30.955,1.058,329311.0,0.995,13.421,0.075,tests performed,72.69,331002647.0,35.608,38.3,15.413,9.732,54225.446,1.2,151.089,10.79,19.1,24.6,,2.77,78.86,0.924
USA,North America,United States,2020-05-12,1347916.0,18117.0,23897.429,80684.0,1156.0,1678.571,4072.221,54.734,72.197,243.756,3.492,5.071,405071.0,10651237.0,32.179,1.224,337272.0,1.019,14.113,0.071,tests performed,72.69,331002647.0,35.608,38.3,15.413,9.732,54225.446,1.2,151.089,10.79,19.1,24.6,,2.77,78.86,0.924
USA,North America,United States,2020-05-13,1369964.0,22048.0,23641.286,82387.0,1703.0,1615.571,4138.831,66.61,71.423,248.901,5.145,4.881,421711.0,11072948.0,33.453,1.274,353082.0,1.067,14.935,0.067,tests performed,72.69,331002647.0,35.608,38.3,15.413,9.732,54225.446,1.2,151.089,10.79,19.1,24.6,,2.77,78.86,0.924
USA,North America,United States,2020-05-14,1390746.0,20782.0,23163.286,84133.0,1746.0,1528.857,4201.616,62.785,69.979,254.176,5.275,4.619,430549.0,11503497.0,34.753,1.301,362245.0,1.094,15.639000000000001,0.064,tests performed,72.69,331002647.0,35.608,38.3,15.413,9.732,54225.446,1.2,151.089,10.79,19.1,24.6,,2.77,78.86,0.924
USA,North America,United States,2020-05-15,1417889.0,27143.0,22988.143,85906.0,1773.0,1462.286,4283.618,82.002,69.45,259.533,5.356,4.418,426609.0,11930106.0,36.042,1.289,366466.0,1.107,15.942,0.063,tests performed,72.69,331002647.0,35.608,38.3,15.413,9.732,54225.446,1.2,151.089,10.79,19.1,24.6,,2.77,78.86,0.924
USA,North America,United States,2020-05-16,1443397.0,25508.0,22781.143,87568.0,1662.0,1484.0,4360.681,77.063,68.825,264.554,5.021,4.483,362740.0,12292846.0,37.138,1.096,373140.0,1.127,16.379,0.061,tests performed,72.69,331002647.0,35.608,38.3,15.413,9.732,54225.446,1.2,151.089,10.79,19.1,24.6,,2.77,78.86,0.924
USA,North America,United States,2020-05-17,1467884.0,24487.0,22620.429,88754.0,1186.0,1422.857,4434.659,73.978,68.339,268.137,3.583,4.299,302579.0,12595425.0,38.052,0.914,385648.0,1.165,17.049,0.059000000000000004,tests performed,72.69,331002647.0,35.608,38.3,15.413,9.732,54225.446,1.2,151.089,10.79,19.1,24.6,,2.77,78.86,0.924
USA,North America,United States,2020-05-18,1486757.0,18873.0,22422.571,89562.0,808.0,1433.429,4491.677,57.018,67.741,270.578,2.441,4.331,328442.0,12923867.0,39.045,0.992,382529.0,1.156,17.06,0.059000000000000004,tests performed,72.69,331002647.0,35.608,38.3,15.413,9.732,54225.446,1.2,151.089,10.79,19.1,24.6,,2.77,78.86,0.924
USA,North America,United States,2020-05-19,1508598.0,21841.0,22954.571,90353.0,791.0,1381.286,4557.661,65.984,69.349,272.968,2.39,4.173,452363.0,13376230.0,40.411,1.367,389285.0,1.176,16.959,0.059000000000000004,tests performed,72.69,331002647.0,35.608,38.3,15.413,9.732,54225.446,1.2,151.089,10.79,19.1,24.6,,2.77,78.86,0.924
USA,North America,United States,2020-05-20,1528568.0,19970.0,22657.714,91921.0,1568.0,1362.0,4617.993,60.332,68.452,277.705,4.737,4.115,410541.0,13786771.0,41.652,1.24,387689.0,1.171,17.111,0.057999999999999996,tests performed,72.69,331002647.0,35.608,38.3,15.413,9.732,54225.446,1.2,151.089,10.79,19.1,24.6,,2.77,78.86,0.924
USA,North America,United States,2020-05-21,1551853.0,23285.0,23015.286,93439.0,1518.0,1329.429,4688.34,70.347,69.532,282.291,4.586,4.016,507589.0,14294360.0,43.185,1.533,398695.0,1.205,17.323,0.057999999999999996,tests performed,72.69,331002647.0,35.608,38.3,15.413,9.732,54225.446,1.2,151.089,10.79,19.1,24.6,,2.77,78.86,0.924
USA,North America,United States,2020-05-22,1577287.0,25434.0,22771.143,94702.0,1263.0,1256.571,4765.179,76.839,68.794,286.106,3.816,3.796,491091.0,14785451.0,44.669,1.484,407906.0,1.232,17.913,0.055999999999999994,tests performed,72.69,331002647.0,35.608,38.3,15.413,9.732,54225.446,1.2,151.089,10.79,19.1,24.6,,2.77,78.86,0.924
USA,North America,United States,2020-05-23,1601434.0,24147.0,22576.714,96007.0,1305.0,1205.571,4838.13,72.951,68.207,290.049,3.943,3.642,380187.0,15165638.0,45.817,1.149,410399.0,1.24,18.178,0.055,tests performed,72.69,331002647.0,35.608,38.3,15.413,9.732,54225.446,1.2,151.089,10.79,19.1,24.6,,2.77,78.86,0.924
USA,North America,United States,2020-05-24,1622670.0,21236.0,22112.286,97087.0,1080.0,1190.429,4902.287,64.157,66.804,293.312,3.263,3.596,294796.0,15460434.0,46.708,0.891,409287.0,1.237,18.509,0.054000000000000006,tests performed,72.69,331002647.0,35.608,38.3,15.413,9.732,54225.446,1.2,151.089,10.79,19.1,24.6,,2.77,78.86,0.924
USA,North America,United States,2020-05-25,1643238.0,20568.0,22354.429,97720.0,633.0,1165.429,4964.426,62.138,67.535,295.224,1.912,3.521,395365.0,15855799.0,47.902,1.194,418847.0,1.265,18.737000000000002,0.053,tests performed,72.69,331002647.0,35.608,38.3,15.413,9.732,54225.446,1.2,151.089,10.79,19.1,24.6,,2.77,78.86,0.924
USA,North America,United States,2020-05-26,1662302.0,19064.0,21957.714,98220.0,500.0,1123.857,5022.02,57.595,66.337,296.735,1.511,3.395,457799.0,16313598.0,49.285,1.383,419624.0,1.268,19.111,0.052000000000000005,tests performed,72.69,331002647.0,35.608,38.3,15.413,9.732,54225.446,1.2,151.089,10.79,19.1,24.6,,2.77,78.86,0.924
USA,North America,United States,2020-05-27,1681212.0,18910.0,21806.286,98916.0,696.0,999.286,5079.15,57.129,65.879,298.837,2.103,3.019,513015.0,16826613.0,50.835,1.55,434263.0,1.312,19.915,0.05,tests performed,72.69,331002647.0,35.608,38.3,15.413,9.732,54225.446,1.2,151.089,10.79,19.1,24.6,,2.77,78.86,0.924
USA,North America,United States,2020-05-28,1699933.0,18721.0,21154.286,100442.0,1526.0,1000.429,5135.708,56.558,63.91,303.448,4.61,3.022,526436.0,17353049.0,52.426,1.59,436956.0,1.32,20.656,0.048,tests performed,72.69,331002647.0,35.608,38.3,15.413,9.732,54225.446,1.2,151.089,10.79,19.1,24.6,,2.77,78.86,0.924
USA,North America,United States,2020-05-29,1721750.0,21817.0,20637.571,101617.0,1175.0,987.857,5201.62,65.912,62.349,306.998,3.55,2.984,509767.0,17862816.0,53.966,1.54,439624.0,1.328,21.302,0.047,tests performed,72.69,331002647.0,35.608,38.3,15.413,9.732,54225.446,1.2,151.089,10.79,19.1,24.6,,2.77,78.86,0.924
USA,North America,United States,2020-05-30,1747087.0,25337.0,20807.571,102836.0,1219.0,975.571,5278.166,76.546,62.862,310.68,3.683,2.947,465526.0,18328342.0,55.372,1.406,451815.0,1.365,21.714000000000002,0.046,tests performed,72.69,331002647.0,35.608,38.3,15.413,9.732,54225.446,1.2,151.089,10.79,19.1,24.6,,2.77,78.86,0.924
USA,North America,United States,2020-05-31,1770384.0,23297.0,21102.0,103781.0,945.0,956.286,5348.549,70.383,63.752,313.535,2.855,2.889,368939.0,18697281.0,56.487,1.115,462407.0,1.397,21.913,0.046,tests performed,72.69,331002647.0,35.608,38.3,15.413,9.732,54225.446,1.2,151.089,10.79,19.1,24.6,,2.77,78.86,0.924
USA,North America,United States,2020-06-01,1790191.0,19807.0,20993.286,104383.0,602.0,951.857,5408.389,59.839,63.423,315.354,1.819,2.876,427306.0,19124587.0,57.778,1.291,466970.0,1.411,22.244,0.045,tests performed,72.69,331002647.0,35.608,38.3,15.413,9.732,54225.446,1.2,151.089,10.79,19.1,24.6,,2.77,78.86,0.924
USA,North America,United States,2020-06-02,1811277.0,21086.0,21282.143,105147.0,764.0,989.571,5472.092,63.703,64.296,317.662,2.308,2.99,459545.0,19584132.0,59.166,1.388,467219.0,1.412,21.954,0.046,tests performed,72.69,331002647.0,35.608,38.3,15.413,9.732,54225.446,1.2,151.089,10.79,19.1,24.6,,2.77,78.86,0.924
USA,North America,United States,2020-06-03,1831821.0,20544.0,21515.571,106181.0,1034.0,1037.857,5534.158,62.066,65.001,320.786,3.124,3.135,616501.0,20200633.0,61.029,1.863,482003.0,1.456,22.403000000000002,0.045,tests performed,72.69,331002647.0,35.608,38.3,15.413,9.732,54225.446,1.2,151.089,10.79,19.1,24.6,,2.77,78.86,0.924
USA,North America,United States,2020-06-04,1851520.0,19699.0,21655.286,107175.0,994.0,961.857,5593.671,59.513,65.423,323.789,3.003,2.906,596815.0,20797448.0,62.832,1.803,492057.0,1.487,22.721999999999998,0.044000000000000004,tests performed,72.69,331002647.0,35.608,38.3,15.413,9.732,54225.446,1.2,151.089,10.79,19.1,24.6,,2.77,78.86,0.924
USA,North America,United States,2020-06-05,1872660.0,21140.0,21558.571,108211.0,1036.0,942.0,5657.538,63.867,65.131,326.919,3.13,2.846,548431.0,21345879.0,64.489,1.657,497580.0,1.503,23.08,0.043,tests performed,72.69,331002647.0,35.608,38.3,15.413,9.732,54225.446,1.2,151.089,10.79,19.1,24.6,,2.77,78.86,0.924
USA,North America,United States,2020-06-06,1897838.0,25178.0,21535.857,109143.0,932.0,901.0,5733.604,76.066,65.062,329.735,2.816,2.722,502706.0,21848585.0,66.007,1.519,502892.0,1.519,23.351,0.043,tests performed,72.69,331002647.0,35.608,38.3,15.413,9.732,54225.446,1.2,151.089,10.79,19.1,24.6,,2.77,78.86,0.924
USA,North America,United States,2020-06-07,1920061.0,22223.0,21382.429,109802.0,659.0,860.143,5800.742,67.138,64.599,331.725,1.991,2.599,351410.0,22199995.0,67.069,1.062,500388.0,1.512,23.401999999999997,0.043,tests performed,72.69,331002647.0,35.608,38.3,15.413,9.732,54225.446,1.2,151.089,10.79,19.1,24.6,,2.77,78.86,0.924
USA,North America,United States,2020-06-08,1942363.0,22302.0,21738.857,110514.0,712.0,875.857,5868.119,67.377,65.676,333.876,2.151,2.646,678022.0,22878017.0,69.117,2.048,536204.0,1.62,24.666,0.040999999999999995,tests performed,72.69,331002647.0,35.608,38.3,15.413,9.732,54225.446,1.2,151.089,10.79,19.1,24.6,,2.77,78.86,0.924
USA,North America,United States,2020-06-09,1961185.0,18822.0,21415.429,111007.0,493.0,837.143,5924.983,56.864,64.699,335.366,1.489,2.529,582928.0,23460945.0,70.878,1.761,553830.0,1.673,25.861,0.039,tests performed,72.69,331002647.0,35.608,38.3,15.413,9.732,54225.446,1.2,151.089,10.79,19.1,24.6,,2.77,78.86,0.924
USA,North America,United States,2020-06-10,1979850.0,18665.0,21147.0,112006.0,999.0,832.143,5981.372,56.389,63.888,338.384,3.018,2.514,636551.0,24097496.0,72.802,1.923,556695.0,1.682,26.325,0.038,tests performed,72.69,331002647.0,35.608,38.3,15.413,9.732,54225.446,1.2,151.089,10.79,19.1,24.6,,2.77,78.86,0.924
USA,North America,United States,2020-06-11,2000464.0,20614.0,21277.714,112924.0,918.0,821.286,6043.65,62.277,64.283,341.157,2.773,2.481,524391.0,24621887.0,74.386,1.584,546348.0,1.651,25.677,0.039,tests performed,72.69,331002647.0,35.608,38.3,15.413,9.732,54225.446,1.2,151.089,10.79,19.1,24.6,,2.77,78.86,0.924
USA,North America,United States,2020-06-12,2023347.0,22883.0,21526.714,113820.0,896.0,801.286,6112.782,69.132,65.035,343.864,2.707,2.421,532833.0,25154720.0,75.996,1.61,544120.0,1.644,25.276999999999997,0.04,tests performed,72.69,331002647.0,35.608,38.3,15.413,9.732,54225.446,1.2,151.089,10.79,19.1,24.6,,2.77,78.86,0.924
USA,North America,United States,2020-06-13,2048986.0,25639.0,21592.571,114669.0,849.0,789.429,6190.241,77.459,65.234,346.429,2.565,2.385,610502.0,25765222.0,77.84,1.844,559520.0,1.69,25.913,0.039,tests performed,72.69,331002647.0,35.608,38.3,15.413,9.732,54225.446,1.2,151.089,10.79,19.1,24.6,,2.77,78.86,0.924
USA,North America,United States,2020-06-14,2074526.0,25540.0,22066.429,115436.0,767.0,804.857,6267.4,77.16,66.665,348.746,2.317,2.432,351288.0,26116510.0,78.901,1.061,559502.0,1.69,25.355,0.039,tests performed,72.69,331002647.0,35.608,38.3,15.413,9.732,54225.446,1.2,151.089,10.79,19.1,24.6,,2.77,78.86,0.924
USA,North America,United States,2020-06-15,2094069.0,19543.0,21672.286,115732.0,296.0,745.429,6326.442,59.042,65.475,349.641,0.894,2.252,564303.0,26680813.0,80.606,1.705,543257.0,1.641,25.066999999999997,0.04,tests performed,68.98,331002647.0,35.608,38.3,15.413,9.732,54225.446,1.2,151.089,10.79,19.1,24.6,,2.77,78.86,0.924
USA,North America,United States,2020-06-16,2114026.0,19957.0,21834.429,116127.0,395.0,731.429,6386.734,60.293,65.965,350.834,1.193,2.21,640768.0,27321581.0,82.542,1.936,551519.0,1.666,25.259,0.04,tests performed,68.98,331002647.0,35.608,38.3,15.413,9.732,54225.446,1.2,151.089,10.79,19.1,24.6,,2.77,78.86,0.924
USA,North America,United States,2020-06-17,2137731.0,23705.0,22554.429,116963.0,836.0,708.143,6458.35,71.616,68.14,353.36,2.526,2.139,695340.0,28016921.0,84.643,2.101,559918.0,1.692,24.825,0.04,tests performed,68.98,331002647.0,35.608,38.3,15.413,9.732,54225.446,1.2,151.089,10.79,19.1,24.6,,2.77,78.86,0.924
USA,North America,United States,2020-06-18,2163290.0,25559.0,23260.857,117717.0,754.0,684.714,6535.567,77.217,70.274,355.638,2.278,2.069,692212.0,28709133.0,86.734,2.091,583892.0,1.764,25.101999999999997,0.04,tests performed,68.98,331002647.0,35.608,38.3,15.413,9.732,54225.446,1.2,151.089,10.79,19.1,24.6,,2.77,78.86,0.924
USA,North America,United States,2020-06-19,2191052.0,27762.0,23957.857,118434.0,717.0,659.143,6619.44,83.872,72.38,357.804,2.166,1.991,815091.0,29524224.0,89.196,2.462,624215.0,1.886,26.055,0.038,tests performed,68.98,331002647.0,35.608,38.3,15.413,9.732,54225.446,1.2,151.089,10.79,19.1,24.6,,2.77,78.86,0.924
USA,North America,United States,2020-06-20,2220961.0,29909.0,24567.857,119112.0,678.0,634.714,6709.798,90.359,74.223,359.852,2.048,1.918,606613.0,30130837.0,91.029,1.833,623659.0,1.884,25.385,0.039,tests performed,68.98,331002647.0,35.608,38.3,15.413,9.732,54225.446,1.2,151.089,10.79,19.1,24.6,,2.77,78.86,0.924
USA,North America,United States,2020-06-21,2255119.0,34158.0,25799.0,119719.0,607.0,611.857,6812.994,103.196,77.942,361.686,1.834,1.848,444932.0,30575769.0,92.373,1.344,637037.0,1.925,24.691999999999997,0.04,tests performed,68.98,331002647.0,35.608,38.3,15.413,9.732,54225.446,1.2,151.089,10.79,19.1,24.6,,2.77,78.86,0.924
USA,North America,United States,2020-06-22,2280912.0,25793.0,26691.857,119975.0,256.0,606.143,6890.918,77.924,80.639,362.459,0.773,1.831,580872.0,31156641.0,94.128,1.755,639404.0,1.932,23.955,0.042,tests performed,68.98,331002647.0,35.608,38.3,15.413,9.732,54225.446,1.2,151.089,10.79,19.1,24.6,,2.77,78.86,0.924
USA,North America,United States,2020-06-23,2312302.0,31390.0,28325.143,120402.0,427.0,610.714,6985.751,94.833,85.574,363.749,1.29,1.845,781777.0,31938418.0,96.49,2.362,659548.0,1.993,23.285,0.043,tests performed,68.98,331002647.0,35.608,38.3,15.413,9.732,54225.446,1.2,151.089,10.79,19.1,24.6,,2.77,78.86,0.924
USA,North America,United States,2020-06-24,2347022.0,34720.0,29898.714,121228.0,826.0,609.286,7090.644,104.893,90.328,366.245,2.495,1.841,717869.0,32656287.0,98.659,2.169,662767.0,2.002,22.166999999999998,0.045,tests performed,68.98,331002647.0,35.608,38.3,15.413,9.732,54225.446,1.2,151.089,10.79,19.1,24.6,,2.77,78.86,0.924
USA,North America,United States,2020-06-25,2381361.0,34339.0,31153.0,121979.0,751.0,608.857,7194.387,103.742,94.117,368.514,2.269,1.839,731542.0,33387829.0,100.869,2.21,668385.0,2.019,21.455,0.047,tests performed,68.98,331002647.0,35.608,38.3,15.413,9.732,54225.446,1.2,151.089,10.79,19.1,24.6,,2.77,78.86,0.924
USA,North America,United States,2020-06-26,2422310.0,40949.0,33036.857,124416.0,2437.0,854.571,7318.099,123.712,99.808,375.876,7.362,2.582,767153.0,34154982.0,103.186,2.318,661537.0,1.999,20.024,0.05,tests performed,68.98,331002647.0,35.608,38.3,15.413,9.732,54225.446,1.2,151.089,10.79,19.1,24.6,,2.77,78.86,0.924
USA,North America,United States,2020-06-27,2467837.0,45527.0,35268.0,125039.0,623.0,846.714,7455.641,137.543,106.549,377.758,1.882,2.558,657159.0,34812141.0,105.172,1.985,668758.0,2.02,18.962,0.053,tests performed,68.98,331002647.0,35.608,38.3,15.413,9.732,54225.446,1.2,151.089,10.79,19.1,24.6,,2.77,78.86,0.924
USA,North America,United States,2020-06-28,2510323.0,42486.0,36457.714,125539.0,500.0,831.429,7583.997,128.355,110.143,379.269,1.511,2.512,483528.0,35295669.0,106.633,1.461,674271.0,2.037,18.495,0.054000000000000006,tests performed,68.98,331002647.0,35.608,38.3,15.413,9.732,54225.446,1.2,151.089,10.79,19.1,24.6,,2.77,78.86,0.924
USA,North America,United States,2020-06-29,2548996.0,38673.0,38297.714,125804.0,265.0,832.714,7700.833,116.836,115.702,380.069,0.801,2.516,756357.0,36052026.0,108.918,2.285,699341.0,2.113,18.261,0.055,tests performed,68.98,331002647.0,35.608,38.3,15.413,9.732,54225.446,1.2,151.089,10.79,19.1,24.6,,2.77,78.86,0.924
USA,North America,United States,2020-06-30,2590552.0,41556.0,39750.0,126140.0,336.0,819.714,7826.379,125.546,120.09,381.085,1.015,2.476,859448.0,36911474.0,111.514,2.596,710437.0,2.146,17.873,0.055999999999999994,tests performed,68.98,331002647.0,35.608,38.3,15.413,9.732,54225.446,1.2,151.089,10.79,19.1,24.6,,2.77,78.86,0.924
USA,North America,United States,2020-07-01,2634432.0,43880.0,41058.571,127410.0,1270.0,883.143,7958.945,132.567,124.043,384.921,3.837,2.668,913675.0,37825149.0,114.274,2.76,738409.0,2.231,17.984,0.055999999999999994,tests performed,68.98,331002647.0,35.608,38.3,15.413,9.732,54225.446,1.2,151.089,10.79,19.1,24.6,,2.77,78.86,0.924
USA,North America,United States,2020-07-02,2686480.0,52048.0,43588.429,128062.0,652.0,869.0,8116.189,157.243,131.686,386.891,1.97,2.625,734019.0,38559168.0,116.492,2.218,738763.0,2.232,16.949,0.059000000000000004,tests performed,68.98,331002647.0,35.608,38.3,15.413,9.732,54225.446,1.2,151.089,10.79,19.1,24.6,,2.77,78.86,0.924
USA,North America,United States,2020-07-03,2739879.0,53399.0,45367.0,128740.0,678.0,617.714,8277.514,161.325,137.059,388.939,2.048,1.866,750657.0,39309825.0,118.76,2.268,736406.0,2.225,16.232,0.062,tests performed,68.98,331002647.0,35.608,38.3,15.413,9.732,54225.446,1.2,151.089,10.79,19.1,24.6,,2.77,78.86,0.924
USA,North America,United States,2020-07-04,2794321.0,54442.0,46640.571,129434.0,694.0,627.857,8441.99,164.476,140.907,391.036,2.097,1.897,523396.0,39833221.0,120.341,1.581,717297.0,2.167,15.379000000000001,0.065,tests performed,68.98,331002647.0,35.608,38.3,15.413,9.732,54225.446,1.2,151.089,10.79,19.1,24.6,,2.77,78.86,0.924
USA,North America,United States,2020-07-05,2839542.0,45221.0,47031.286,129676.0,242.0,591.0,8578.608,136.618,142.087,391.767,0.731,1.785,440256.0,40273477.0,121.671,1.33,711115.0,2.148,15.12,0.066,tests performed,68.98,331002647.0,35.608,38.3,15.413,9.732,54225.446,1.2,151.089,10.79,19.1,24.6,,2.77,78.86,0.924
USA,North America,United States,2020-07-06,2888635.0,49093.0,48519.857,129947.0,271.0,591.857,8726.924,148.316,146.584,392.586,0.819,1.788,886629.0,41160106.0,124.35,2.679,729726.0,2.205,15.04,0.066,tests performed,68.98,331002647.0,35.608,38.3,15.413,9.732,54225.446,1.2,151.089,10.79,19.1,24.6,,2.77,78.86,0.924
USA,North America,United States,2020-07-07,2938625.0,49990.0,49724.714,130306.0,359.0,595.143,8877.95,151.026,150.225,393.671,1.085,1.798,849560.0,42009666.0,126.916,2.567,728313.0,2.2,14.647,0.068,tests performed,68.98,331002647.0,35.608,38.3,15.413,9.732,54225.446,1.2,151.089,10.79,19.1,24.6,,2.77,78.86,0.924
USA,North America,United States,2020-07-08,2996098.0,57473.0,51666.571,131480.0,1174.0,581.429,9051.583,173.633,156.091,397.217,3.547,1.757,922434.0,42932100.0,129.703,2.787,729564.0,2.204,14.120999999999999,0.071,tests performed,68.98,331002647.0,35.608,38.3,15.413,9.732,54225.446,1.2,151.089,10.79,19.1,24.6,,2.77,78.86,0.924
USA,North America,United States,2020-07-09,3055004.0,58906.0,52646.286,132309.0,829.0,606.714,9229.546,177.962,159.051,399.722,2.505,1.833,931099.0,43863199.0,132.516,2.813,757719.0,2.289,14.392999999999999,0.069,tests performed,68.98,331002647.0,35.608,38.3,15.413,9.732,54225.446,1.2,151.089,10.79,19.1,24.6,,2.77,78.86,0.924
USA,North America,United States,2020-07-10,3118008.0,63004.0,54018.429,133291.0,982.0,650.143,9419.888,190.343,163.196,402.689,2.967,1.964,932223.0,44795422.0,135.333,2.816,783657.0,2.368,14.507,0.069,tests performed,68.98,331002647.0,35.608,38.3,15.413,9.732,54225.446,1.2,151.089,10.79,19.1,24.6,,2.77,78.86,0.924
USA,North America,United States,2020-07-11,3184633.0,66625.0,55758.857,134097.0,806.0,666.143,9621.171,201.282,168.454,405.124,2.435,2.013,819071.0,45614493.0,137.807,2.475,825896.0,2.495,14.812000000000001,0.068,tests performed,68.98,331002647.0,35.608,38.3,15.413,9.732,54225.446,1.2,151.089,10.79,19.1,24.6,,2.77,78.86,0.924
USA,North America,United States,2020-07-12,3247684.0,63051.0,58306.0,134814.0,717.0,734.0,9811.656,190.485,176.15,407.29,2.166,2.218,714051.0,46328544.0,139.964,2.157,865010.0,2.613,14.835999999999999,0.067,tests performed,68.98,331002647.0,35.608,38.3,15.413,9.732,54225.446,1.2,151.089,10.79,19.1,24.6,,2.77,78.86,0.924
USA,North America,United States,2020-07-13,3304942.0,57258.0,59472.429,135205.0,391.0,751.143,9984.639,172.984,179.674,408.471,1.181,2.269,826375.0,47154919.0,142.461,2.497,856402.0,2.587,14.4,0.069,tests performed,68.98,331002647.0,35.608,38.3,15.413,9.732,54225.446,1.2,151.089,10.79,19.1,24.6,,2.77,78.86,0.924
USA,North America,United States,2020-07-14,3363056.0,58114.0,60633.0,135605.0,400.0,757.0,10160.209,175.57,183.18,409.68,1.208,2.287,915295.0,48070214.0,145.226,2.765,865793.0,2.616,14.279000000000002,0.07,tests performed,68.98,331002647.0,35.608,38.3,15.413,9.732,54225.446,1.2,151.089,10.79,19.1,24.6,,2.77,78.86,0.924
USA,North America,United States,2020-07-15,3431574.0,68518.0,62210.857,136466.0,861.0,712.286,10367.21,207.001,187.947,412.281,2.601,2.152,867995.0,48938209.0,147.848,2.622,858016.0,2.592,13.792,0.073,tests performed,68.98,331002647.0,35.608,38.3,15.413,9.732,54225.446,1.2,151.089,10.79,19.1,24.6,,2.77,78.86,0.924
USA,North America,United States,2020-07-16,3499291.0,67717.0,63469.571,137419.0,953.0,730.0,10571.792,204.581,191.749,415.16,2.879,2.205,1103323.0,50041532.0,151.182,3.333,882619.0,2.667,13.905999999999999,0.07200000000000001,tests performed,68.98,331002647.0,35.608,38.3,15.413,9.732,54225.446,1.2,151.089,10.79,19.1,24.6,,2.77,78.86,0.924
USA,North America,United States,2020-07-17,3576221.0,76930.0,65459.0,138358.0,939.0,723.857,10804.207,232.415,197.76,417.997,2.837,2.187,1006232.0,51047764.0,154.222,3.04,893192.0,2.698,13.645,0.073,tests performed,68.98,331002647.0,35.608,38.3,15.413,9.732,54225.446,1.2,151.089,10.79,19.1,24.6,,2.77,78.86,0.924
USA,North America,United States,2020-07-18,3647715.0,71494.0,66154.571,139266.0,908.0,738.429,11020.199,215.992,199.861,420.74,2.743,2.231,863973.0,51911737.0,156.832,2.61,899606.0,2.718,13.599,0.07400000000000001,tests performed,68.98,331002647.0,35.608,38.3,15.413,9.732,54225.446,1.2,151.089,10.79,19.1,24.6,,2.77,78.86,0.924
USA,North America,United States,2020-07-19,3711464.0,63749.0,66254.286,140119.0,853.0,757.857,11212.793,192.594,200.162,423.317,2.577,2.29,606868.0,52518605.0,158.665,1.833,884294.0,2.672,13.347000000000001,0.075,tests performed,68.98,331002647.0,35.608,38.3,15.413,9.732,54225.446,1.2,151.089,10.79,19.1,24.6,,2.77,78.86,0.924
USA,North America,United States,2020-07-20,3773260.0,61796.0,66902.571,140534.0,415.0,761.286,11399.486,186.693,202.121,424.571,1.254,2.3,745956.0,53264561.0,160.919,2.254,872806.0,2.637,13.046,0.077,tests performed,67.13,331002647.0,35.608,38.3,15.413,9.732,54225.446,1.2,151.089,10.79,19.1,24.6,,2.77,78.86,0.924
USA,North America,United States,2020-07-21,3830010.0,56750.0,66707.714,140906.0,372.0,757.286,11570.935,171.449,201.532,425.694,1.124,2.288,1236993.0,54501554.0,164.656,3.737,918763.0,2.776,13.773,0.073,tests performed,67.13,331002647.0,35.608,38.3,15.413,9.732,54225.446,1.2,151.089,10.79,19.1,24.6,,2.77,78.86,0.924
USA,North America,United States,2020-07-22,3902058.0,72048.0,67212.0,142066.0,1160.0,800.0,11788.601,217.666,203.056,429.199,3.505,2.417,1051980.0,55553534.0,167.834,3.178,945046.0,2.855,14.061,0.071,tests performed,67.13,331002647.0,35.608,38.3,15.413,9.732,54225.446,1.2,151.089,10.79,19.1,24.6,,2.77,78.86,0.924
USA,North America,United States,2020-07-23,3970906.0,68848.0,67373.571,143190.0,1124.0,824.429,11996.599,207.998,203.544,432.595,3.396,2.491,1037358.0,56590892.0,170.968,3.134,935623.0,2.827,13.887,0.07200000000000001,tests performed,67.13,331002647.0,35.608,38.3,15.413,9.732,54225.446,1.2,151.089,10.79,19.1,24.6,,2.77,78.86,0.924
USA,North America,United States,2020-07-24,4034102.0,63196.0,65411.571,144242.0,1052.0,840.571,12187.522,190.923,197.616,435.773,3.178,2.539,895126.0,57486018.0,173.672,2.704,919751.0,2.779,14.061,0.071,tests performed,67.13,331002647.0,35.608,38.3,15.413,9.732,54225.446,1.2,151.089,10.79,19.1,24.6,,2.77,78.86,0.924
USA,North America,United States,2020-07-25,4112529.0,78427.0,66402.0,145546.0,1304.0,897.143,12424.46,236.938,200.609,439.712,3.94,2.71,936181.0,58422199.0,176.501,2.828,930066.0,2.81,14.007,0.071,tests performed,67.13,331002647.0,35.608,38.3,15.413,9.732,54225.446,1.2,151.089,10.79,19.1,24.6,,2.77,78.86,0.924
USA,North America,United States,2020-07-26,4178027.0,65498.0,66651.857,146460.0,914.0,905.857,12622.337,197.878,201.364,442.474,2.761,2.737,644252.0,59066451.0,178.447,1.946,935407.0,2.826,14.034,0.071,tests performed,67.13,331002647.0,35.608,38.3,15.413,9.732,54225.446,1.2,151.089,10.79,19.1,24.6,,2.77,78.86,0.924
USA,North America,United States,2020-07-27,4234020.0,55993.0,65822.857,146935.0,475.0,914.429,12791.499,169.162,198.859,443.909,1.435,2.763,727311.0,59793762.0,180.644,2.197,932743.0,2.818,14.171,0.071,tests performed,67.13,331002647.0,35.608,38.3,15.413,9.732,54225.446,1.2,151.089,10.79,19.1,24.6,,2.77,78.86,0.924
USA,North America,United States,2020-07-28,4290263.0,56243.0,65750.429,148011.0,1076.0,1015.0,12961.416,169.917,198.64,447.16,3.251,3.066,865539.0,60659301.0,183.259,2.615,879678.0,2.658,13.379000000000001,0.075,tests performed,67.13,331002647.0,35.608,38.3,15.413,9.732,54225.446,1.2,151.089,10.79,19.1,24.6,,2.77,78.86,0.924
USA,North America,United States,2020-07-29,4351997.0,61734.0,64277.0,149256.0,1245.0,1027.143,13147.922,186.506,194.189,450.921,3.761,3.103,854965.0,61514266.0,185.842,2.583,851533.0,2.573,13.248,0.075,tests performed,67.13,331002647.0,35.608,38.3,15.413,9.732,54225.446,1.2,151.089,10.79,19.1,24.6,,2.77,78.86,0.924
USA,North America,United States,2020-07-30,4426982.0,74985.0,65153.714,150713.0,1457.0,1074.714,13374.461,226.539,196.837,455.323,4.402,3.247,993218.0,62507484.0,188.843,3.001,845227.0,2.554,12.972999999999999,0.077,tests performed,67.13,331002647.0,35.608,38.3,15.413,9.732,54225.446,1.2,151.089,10.79,19.1,24.6,,2.77,78.86,0.924
USA,North America,United States,2020-07-31,4495014.0,68032.0,65844.571,152070.0,1357.0,1118.286,13579.994,205.533,198.925,459.422,4.1,3.378,966026.0,63473510.0,191.761,2.918,855356.0,2.584,12.991,0.077,tests performed,67.13,331002647.0,35.608,38.3,15.413,9.732,54225.446,1.2,151.089,10.79,19.1,24.6,,2.77,78.86,0.924
USA,North America,United States,2020-08-01,4562037.0,67023.0,64215.429,153314.0,1244.0,1109.714,13782.479,202.485,194.003,463.181,3.758,3.353,772045.0,64245555.0,194.094,2.332,831908.0,2.513,12.955,0.077,tests performed,67.13,331002647.0,35.608,38.3,15.413,9.732,54225.446,1.2,151.089,10.79,19.1,24.6,,2.77,78.86,0.924
USA,North America,United States,2020-08-02,4620444.0,58407.0,63202.429,154447.0,1133.0,1141.0,13958.934,176.455,190.942,466.604,3.423,3.447,584887.0,64830442.0,195.861,1.767,823427.0,2.488,13.027999999999999,0.077,tests performed,67.13,331002647.0,35.608,38.3,15.413,9.732,54225.446,1.2,151.089,10.79,19.1,24.6,,2.77,78.86,0.924
USA,North America,United States,2020-08-03,4667955.0,47511.0,61990.714,154860.0,413.0,1132.143,14102.47,143.537,187.282,467.851,1.248,3.42,687255.0,65517697.0,197.937,2.076,817705.0,2.47,13.190999999999999,0.076,tests performed,67.13,331002647.0,35.608,38.3,15.413,9.732,54225.446,1.2,151.089,10.79,19.1,24.6,,2.77,78.86,0.924
USA,North America,United States,2020-08-04,4713562.0,45607.0,60471.286,155403.0,543.0,1056.0,14240.255,137.784,182.691,469.492,1.64,3.19,777546.0,66295243.0,200.286,2.349,805135.0,2.432,13.314,0.075,tests performed,67.13,331002647.0,35.608,38.3,15.413,9.732,54225.446,1.2,151.089,10.79,19.1,24.6,,2.77,78.86,0.924
USA,North America,United States,2020-08-05,4771087.0,57525.0,59870.0,156806.0,1403.0,1078.571,14414.045,173.79,180.875,473.73,4.239,3.258,880302.0,67175545.0,202.946,2.66,808754.0,2.443,13.509,0.07400000000000001,tests performed,67.13,331002647.0,35.608,38.3,15.413,9.732,54225.446,1.2,151.089,10.79,19.1,24.6,,2.77,78.86,0.924
USA,North America,United States,2020-08-06,4823891.0,52804.0,56701.286,158256.0,1450.0,1077.571,14573.572,159.527,171.302,478.111,4.381,3.255,900732.0,68076277.0,205.667,2.721,795542.0,2.403,14.03,0.071,tests performed,67.13,331002647.0,35.608,38.3,15.413,9.732,54225.446,1.2,151.089,10.79,19.1,24.6,,2.77,78.86,0.924
USA,North America,United States,2020-08-07,4883646.0,59755.0,55518.857,160104.0,1848.0,1147.714,14754.1,180.527,167.729,483.694,5.583,3.467,912496.0,68988773.0,208.424,2.757,787895.0,2.38,14.190999999999999,0.07,tests performed,67.13,331002647.0,35.608,38.3,15.413,9.732,54225.446,1.2,151.089,10.79,19.1,24.6,,2.77,78.86,0.924
USA,North America,United States,2020-08-08,4941796.0,58150.0,54251.286,161356.0,1252.0,1148.857,14929.778,175.678,163.9,487.476,3.782,3.471,823319.0,69812092.0,210.911,2.487,795220.0,2.402,14.658,0.068,tests performed,67.13,331002647.0,35.608,38.3,15.413,9.732,54225.446,1.2,151.089,10.79,19.1,24.6,,2.77,78.86,0.924
USA,North America,United States,2020-08-09,4998017.0,56221.0,53939.0,162425.0,1069.0,1139.714,15099.628,169.851,162.956,490.706,3.23,3.443,719378.0,70531470.0,213.084,2.173,814433.0,2.461,15.099,0.066,tests performed,67.13,331002647.0,35.608,38.3,15.413,9.732,54225.446,1.2,151.089,10.79,19.1,24.6,,2.77,78.86,0.924
USA,North America,United States,2020-08-10,5044864.0,46847.0,53844.143,162938.0,513.0,1154.0,15241.159,141.531,162.67,492.256,1.55,3.486,789887.0,71321357.0,215.471,2.386,829094.0,2.505,15.398,0.065,tests performed,67.13,331002647.0,35.608,38.3,15.413,9.732,54225.446,1.2,151.089,10.79,19.1,24.6,,2.77,78.86,0.924
USA,North America,United States,2020-08-11,5094394.0,49530.0,54404.571,163461.0,523.0,1151.143,15390.795,149.636,164.363,493.836,1.58,3.478,957127.0,72278484.0,218.362,2.892,854749.0,2.582,15.710999999999999,0.064,tests performed,67.13,331002647.0,35.608,38.3,15.413,9.732,54225.446,1.2,151.089,10.79,19.1,24.6,,2.77,78.86,0.924
USA,North America,United States,2020-08-12,5141207.0,46813.0,52874.286,164537.0,1076.0,1104.429,15532.223,141.428,159.74,497.087,3.251,3.337,952410.0,73230894.0,221.24,2.877,865050.0,2.613,16.361,0.061,tests performed,67.13,331002647.0,35.608,38.3,15.413,9.732,54225.446,1.2,151.089,10.79,19.1,24.6,,2.77,78.86,0.924
USA,North America,United States,2020-08-13,5197148.0,55941.0,53322.429,166027.0,1490.0,1110.143,15701.228,169.005,161.094,501.588,4.501,3.354,1040570.0,74271464.0,224.383,3.144,885027.0,2.674,16.598,0.06,tests performed,67.13,331002647.0,35.608,38.3,15.413,9.732,54225.446,1.2,151.089,10.79,19.1,24.6,,2.77,78.86,0.924
USA,North America,United States,2020-08-14,5248242.0,51094.0,52085.143,167110.0,1083.0,1000.857,15855.589,154.361,157.356,504.86,3.272,3.024,971296.0,75242760.0,227.318,2.934,893427.0,2.699,17.153,0.057999999999999996,tests performed,67.13,331002647.0,35.608,38.3,15.413,9.732,54225.446,1.2,151.089,10.79,19.1,24.6,,2.77,78.86,0.924
USA,North America,United States,2020-08-15,5313080.0,64838.0,53040.571,168446.0,1336.0,1012.857,16051.473,195.884,160.242,508.896,4.036,3.06,841612.0,76084372.0,229.86,2.543,896040.0,2.707,16.893,0.059000000000000004,tests performed,67.13,331002647.0,35.608,38.3,15.413,9.732,54225.446,1.2,151.089,10.79,19.1,24.6,,2.77,78.86,0.924
USA,North America,United States,2020-08-16,5361165.0,48085.0,51878.286,169481.0,1035.0,1008.0,16196.744,145.271,156.731,512.023,3.127,3.045,624007.0,76708379.0,231.746,1.885,882416.0,2.666,17.009,0.059000000000000004,tests performed,67.13,331002647.0,35.608,38.3,15.413,9.732,54225.446,1.2,151.089,10.79,19.1,24.6,,2.77,78.86,0.924
USA,North America,United States,2020-08-17,5403269.0,42104.0,51200.714,170052.0,571.0,1016.286,16323.945,127.201,154.684,513.748,1.725,3.07,669394.0,77377773.0,233.768,2.022,865202.0,2.614,16.898,0.059000000000000004,tests performed,67.13,331002647.0,35.608,38.3,15.413,9.732,54225.446,1.2,151.089,10.79,19.1,24.6,,2.77,78.86,0.924
USA,North America,United States,2020-08-18,5438325.0,35056.0,49133.0,170497.0,445.0,1005.143,16429.854,105.909,148.437,515.093,1.344,3.037,845110.0,78222883.0,236.321,2.553,849200.0,2.566,17.284000000000002,0.057999999999999996,tests performed,67.13,331002647.0,35.608,38.3,15.413,9.732,54225.446,1.2,151.089,10.79,19.1,24.6,,2.77,78.86,0.924
USA,North America,United States,2020-08-19,5482416.0,44091.0,48744.143,171821.0,1324.0,1040.571,16563.058,133.204,147.262,519.093,4.0,3.144,955095.0,79177978.0,239.206,2.885,849583.0,2.567,17.429000000000002,0.057,tests performed,67.13,331002647.0,35.608,38.3,15.413,9.732,54225.446,1.2,151.089,10.79,19.1,24.6,,2.77,78.86,0.924
USA,North America,United States,2020-08-20,5529842.0,47426.0,47527.714,173177.0,1356.0,1021.429,16706.338,143.28,143.587,523.189,4.097,3.086,946174.0,80124152.0,242.065,2.859,836098.0,2.526,17.592,0.057,tests performed,67.13,331002647.0,35.608,38.3,15.413,9.732,54225.446,1.2,151.089,10.79,19.1,24.6,,2.77,78.86,0.924
USA,North America,United States,2020-08-21,5573847.0,44005.0,46515.0,174255.0,1078.0,1020.714,16839.282,132.945,140.528,526.446,3.257,3.084,920375.0,81044527.0,244.846,2.781,828824.0,2.504,17.817999999999998,0.055999999999999994,tests performed,67.13,331002647.0,35.608,38.3,15.413,9.732,54225.446,1.2,151.089,10.79,19.1,24.6,,2.77,78.86,0.924
USA,North America,United States,2020-08-22,5623727.0,49880.0,44378.143,175406.0,1151.0,994.286,16989.976,150.694,134.072,529.923,3.477,3.004,777084.0,81821611.0,247.193,2.348,819606.0,2.476,18.469,0.054000000000000006,tests performed,67.13,331002647.0,35.608,38.3,15.413,9.732,54225.446,1.2,151.089,10.79,19.1,24.6,,2.77,78.86,0.924
USA,North America,United States,2020-08-23,5668105.0,44378.0,43848.571,176362.0,956.0,983.0,17124.047,134.071,132.472,532.811,2.888,2.97,606975.0,82428586.0,249.027,1.834,817172.0,2.469,18.636,0.054000000000000006,tests performed,67.13,331002647.0,35.608,38.3,15.413,9.732,54225.446,1.2,151.089,10.79,19.1,24.6,,2.77,78.86,0.924
USA,North America,United States,2020-08-24,5702611.0,34506.0,42763.143,176806.0,444.0,964.857,17228.294,104.247,129.193,534.153,1.341,2.915,636035.0,83064621.0,250.949,1.922,812407.0,2.454,18.998,0.053,tests performed,67.13,331002647.0,35.608,38.3,15.413,9.732,54225.446,1.2,151.089,10.79,19.1,24.6,,2.77,78.86,0.924
USA,North America,United States,2020-08-25,5740909.0,38298.0,43226.286,177279.0,473.0,968.857,17343.997,115.703,130.592,535.582,1.429,2.927,861325.0,83925946.0,253.551,2.602,814723.0,2.461,18.848,0.053,tests performed,67.13,331002647.0,35.608,38.3,15.413,9.732,54225.446,1.2,151.089,10.79,19.1,24.6,,2.77,78.86,0.924
USA,North America,United States,2020-08-26,5779028.0,38119.0,42373.143,178486.0,1207.0,952.143,17459.159,115.162,128.015,539.228,3.646,2.877,904988.0,84830934.0,256.285,2.734,807565.0,2.44,19.058,0.052000000000000005,tests performed,67.13,331002647.0,35.608,38.3,15.413,9.732,54225.446,1.2,151.089,10.79,19.1,24.6,,2.77,78.86,0.924
USA,North America,United States,2020-08-27,5821876.0,42848.0,41719.143,179714.0,1228.0,933.857,17588.609,129.449,126.039,542.938,3.71,2.821,829456.0,85660390.0,258.791,2.506,790891.0,2.389,18.958,0.053,tests performed,67.13,331002647.0,35.608,38.3,15.413,9.732,54225.446,1.2,151.089,10.79,19.1,24.6,,2.77,78.86,0.924
USA,North America,United States,2020-08-28,5867785.0,45909.0,41991.143,180824.0,1110.0,938.429,17727.305,138.697,126.86,546.292,3.353,2.835,1114374.0,86774764.0,262.157,3.367,818605.0,2.473,19.495,0.051,tests performed,67.13,331002647.0,35.608,38.3,15.413,9.732,54225.446,1.2,151.089,10.79,19.1,24.6,,2.77,78.86,0.924
USA,North America,United States,2020-08-29,5917439.0,49654.0,41958.857,181773.0,949.0,909.571,17877.316,150.011,126.763,549.159,2.867,2.748,849398.0,87624162.0,264.723,2.566,828936.0,2.504,19.756,0.051,tests performed,67.13,331002647.0,35.608,38.3,15.413,9.732,54225.446,1.2,151.089,10.79,19.1,24.6,,2.77,78.86,0.924
USA,North America,United States,2020-08-30,5961582.0,44143.0,41925.286,182779.0,1006.0,916.714,18010.678,133.361,126.661,552.198,3.039,2.77,609346.0,88233508.0,266.564,1.841,829275.0,2.505,19.78,0.051,tests performed,67.13,331002647.0,35.608,38.3,15.413,9.732,54225.446,1.2,151.089,10.79,19.1,24.6,,2.77,78.86,0.924
USA,North America,United States,2020-08-31,5997163.0,35581.0,42078.857,183069.0,290.0,894.714,18118.172,107.495,127.125,553.074,0.876,2.703,678061.0,88911569.0,268.613,2.049,835278.0,2.523,19.85,0.05,tests performed,67.13,331002647.0,35.608,38.3,15.413,9.732,54225.446,1.2,151.089,10.79,19.1,24.6,,2.77,78.86,0.924
USA,North America,United States,2020-09-01,6031013.0,33850.0,41443.429,183598.0,529.0,902.714,18220.437,102.265,125.206,554.672,1.598,2.727,836283.0,89747852.0,271.139,2.527,831701.0,2.513,20.067999999999998,0.05,tests performed,67.13,331002647.0,35.608,38.3,15.413,9.732,54225.446,1.2,151.089,10.79,19.1,24.6,,2.77,78.86,0.924
USA,North America,United States,2020-09-02,6075652.0,44639.0,42374.857,184689.0,1091.0,886.143,18355.297,134.86,128.02,557.968,3.296,2.677,942373.0,90690225.0,273.986,2.847,837042.0,2.529,19.753,0.051,tests performed,67.13,331002647.0,35.608,38.3,15.413,9.732,54225.446,1.2,151.089,10.79,19.1,24.6,,2.77,78.86,0.924
USA,North America,United States,2020-09-03,6114406.0,38754.0,41790.0,185744.0,1055.0,861.429,18472.378,117.081,126.253,561.156,3.187,2.602,969041.0,91659266.0,276.914,2.928,856982.0,2.589,20.506999999999998,0.049,tests performed,67.13,331002647.0,35.608,38.3,15.413,9.732,54225.446,1.2,151.089,10.79,19.1,24.6,,2.77,78.86,0.924
USA,North America,United States,2020-09-04,6150655.0,36249.0,40410.0,186797.0,1053.0,853.286,18581.891,109.513,122.084,564.337,3.181,2.578,1008150.0,92667416.0,279.96,3.046,841807.0,2.543,20.831999999999997,0.048,tests performed,67.13,331002647.0,35.608,38.3,15.413,9.732,54225.446,1.2,151.089,10.79,19.1,24.6,,2.77,78.86,0.924
USA,North America,United States,2020-09-05,6201726.0,51071.0,40612.429,187765.0,968.0,856.0,18736.182,154.292,122.695,567.261,2.924,2.586,840651.0,93508067.0,282.499,2.54,840558.0,2.539,20.697,0.048,tests performed,67.13,331002647.0,35.608,38.3,15.413,9.732,54225.446,1.2,151.089,10.79,19.1,24.6,,2.77,78.86,0.924
USA,North America,United States,2020-09-06,6245866.0,44140.0,40612.0,188538.0,773.0,822.714,18869.535,133.352,122.694,569.597,2.335,2.486,588356.0,94096423.0,284.277,1.777,837559.0,2.53,20.623,0.048,tests performed,67.13,331002647.0,35.608,38.3,15.413,9.732,54225.446,1.2,151.089,10.79,19.1,24.6,,2.77,78.86,0.924
USA,North America,United States,2020-09-07,6276421.0,30555.0,39894.0,188941.0,403.0,838.857,18961.845,92.31,120.525,570.814,1.218,2.534,434252.0,94530675.0,285.589,1.312,802729.0,2.425,20.122,0.05,tests performed,67.13,331002647.0,35.608,38.3,15.413,9.732,54225.446,1.2,151.089,10.79,19.1,24.6,,2.77,78.86,0.924
USA,North America,United States,2020-09-08,6300671.0,24250.0,38522.571,189208.0,267.0,801.429,19035.108,73.262,116.381,571.621,0.807,2.421,585170.0,95115845.0,287.357,1.768,766856.0,2.317,19.907,0.05,tests performed,67.13,331002647.0,35.608,38.3,15.413,9.732,54225.446,1.2,151.089,10.79,19.1,24.6,,2.77,78.86,0.924
USA,North America,United States,2020-09-09,6327793.0,27122.0,36020.143,189679.0,471.0,712.857,19117.047,81.939,108.821,573.044,1.423,2.154,795257.0,95911102.0,289.759,2.403,745840.0,2.253,20.706,0.048,tests performed,67.13,331002647.0,35.608,38.3,15.413,9.732,54225.446,1.2,151.089,10.79,19.1,24.6,,2.77,78.86,0.924
USA,North America,United States,2020-09-10,6359720.0,31927.0,35044.857,190815.0,1136.0,724.429,19213.502,96.455,105.875,576.476,3.432,2.189,829205.0,96740307.0,292.264,2.505,725863.0,2.193,20.712,0.048,tests performed,67.13,331002647.0,35.608,38.3,15.413,9.732,54225.446,1.2,151.089,10.79,19.1,24.6,,2.77,78.86,0.924
USA,North America,United States,2020-09-11,6397227.0,37507.0,35224.571,191789.0,974.0,713.143,19326.815,113.313,106.418,579.418,2.943,2.154,622422.0,97362729.0,294.145,1.88,670759.0,2.026,19.042,0.053,tests performed,67.13,331002647.0,35.608,38.3,15.413,9.732,54225.446,1.2,151.089,10.79,19.1,24.6,,2.77,78.86,0.924
USA,North America,United States,2020-09-12,6445288.0,48061.0,34794.571,193016.0,1227.0,750.143,19472.013,145.198,105.119,583.125,3.707,2.266,457333.0,97820062.0,295.527,1.382,615999.0,1.861,17.704,0.055999999999999994,tests performed,,331002647.0,35.608,38.3,15.413,9.732,54225.446,1.2,151.089,10.79,19.1,24.6,,2.77,78.86,0.924
USA,North America,United States,2020-09-13,6486108.0,40820.0,34320.286,193701.0,685.0,737.571,19595.336,123.322,103.686,585.195,2.069,2.228,233065.0,98053127.0,296.231,0.704,565243.0,1.708,16.47,0.061,tests performed,,331002647.0,35.608,38.3,15.413,9.732,54225.446,1.2,151.089,10.79,19.1,24.6,,2.77,78.86,0.924
USA,North America,United States,2020-09-14,6519979.0,33871.0,34794.0,194079.0,378.0,734.0,19697.664,102.328,105.117,586.337,1.142,2.218,,,,,,,,,,,331002647.0,35.608,38.3,15.413,9.732,54225.446,1.2,151.089,10.79,19.1,24.6,,2.77,78.86,0.924
USA,North America,United States,2020-09-15,6554820.0,34841.0,36307.0,194530.0,451.0,760.286,19802.923,105.259,109.688,587.699,1.363,2.297,,,,,,,,,,,331002647.0,35.608,38.3,15.413,9.732,54225.446,1.2,151.089,10.79,19.1,24.6,,2.77,78.86,0.924
USA,North America,United States,2020-09-16,6606293.0,51473.0,39785.714,195937.0,1407.0,894.0,19958.43,155.506,120.198,591.95,4.251,2.701,,,,,,,,,,,331002647.0,35.608,38.3,15.413,9.732,54225.446,1.2,151.089,10.79,19.1,24.6,,2.77,78.86,0.924
